,specificity1,specificity2,specificity3,specificity4,specificity5
0,0.7215777262180975,0.7559241706161137,0.7285546415981199,0.7416762342135477,0.7488151658767772
1,0.7204767063921993,0.7220956719817767,0.7282352941176471,0.7367788461538461,0.7310267857142857
2,0.734321550741163,0.7223476297968398,0.7361268403171007,0.7394957983193278,0.7232346241457859
3,0.7416762342135477,0.7480916030534351,0.7249154453213078,0.7248858447488584,0.7324613555291319
4,0.7282110091743119,0.7054582904222451,0.7281553398058253,0.7356051703877791,0.7361702127659574
