,auc1,auc2,auc3,auc4,auc5
0,0.7906207507461762,0.8212323047670633,0.81519378007978,0.812203433820252,0.8185649723251918
1,0.8193666716046248,0.8161965025148314,0.8202160003950366,0.8172123110349255,0.8215563033034939
2,0.8044772645521677,0.8098291050408019,0.8092958958408273,0.8013922684666004,0.8088825881805294
3,0.823724953755896,0.8219796003888598,0.8148077077739477,0.8201397129267616,0.8180232779626915
4,0.8135040203131612,0.8186852870644661,0.8019932289462548,0.8110664409648752,0.8019918183100578
