,specificity1,specificity2,specificity3,specificity4,specificity5
0,0.7138009049773756,0.6897918731417245,0.7167567567567568,0.7258064516129032,0.7350620067643743
1,0.7424789410348978,0.7199558985667034,0.7300469483568075,0.7288528389339514,0.7119914346895075
2,0.7267699115044248,0.7545126353790613,0.7269461077844311,0.7372685185185185,0.7282352941176471
3,0.7320799059929495,0.6997885835095138,0.7252502780867631,0.7259100642398287,0.7430555555555556
4,0.7369640787949016,0.736,0.733256351039261,0.711864406779661,0.7157417893544734
