,AUC1,AUC2,AUC3,AUC4,AUC5
0,0.7851266947646371,0.8137649023623735,0.8131668331104679,0.8221350508076755,0.8119805683914759
1,0.8015942550384809,0.8138262826346121,0.8157492645969568,0.8049055086449538,0.8043552790299028
2,0.8064210801012814,0.818698997764189,0.8056607632790955,0.808847323021801,0.8189811190340168
3,0.8152084194604784,0.8061613654674005,0.8220332167412828,0.8099526059663712,0.8141008184959485
4,0.8170983213429256,0.801086189871632,0.7985004937226688,0.7996953025814643,0.8018126675130484
