,time1,time2,time3,time4,time5
0,0.21528877067565919,0.21604506874084473,0.21507000923156738,0.21552963256835939,0.21625700759887695
1,0.221566349029541,0.21635350608825685,0.214452730178833,0.21435608863830566,0.21557868766784669
2,0.21538885498046875,0.2146994400024414,0.2143403606414795,0.214533203125,0.21456081008911132
3,0.21664805793762207,0.2154381694793701,0.2141010913848877,0.21578915214538574,0.21808720588684083
4,0.21640254783630372,0.21625056266784667,0.2165615825653076,0.21609699821472167,0.2196983642578125
