,AUC1,AUC2,AUC3,AUC4,AUC5
0,0.789953565000536,0.8115108583422197,0.8088322415748405,0.8154011295609833,0.8217542048217923
1,0.8088220148279828,0.8176129910622958,0.8270247391699999,0.8166959417038777,0.8056659541898574
2,0.8066679362123809,0.8065254649711179,0.8179090582086709,0.7868996988355446,0.7980914496096146
3,0.821554902439403,0.8213559575527803,0.8026043437711203,0.8047348883016174,0.817848319338995
4,0.7970461278036395,0.809566934687544,0.8009789815206658,0.8002003103399633,0.8050402031316124
