,sensitivity1,sensitivity2,sensitivity3,sensitivity4,sensitivity5
0,0.7503217503217503,0.75,0.7439165701042874,0.7262905162064826,0.7484276729559748
1,0.7717528373266078,0.7702702702702703,0.7564102564102564,0.7676508344030809,0.7551766138855055
2,0.7496886674968867,0.7256235827664399,0.7808041504539559,0.7380073800738007,0.7515605493133583
3,0.7701298701298701,0.7655860349127181,0.7646370023419203,0.7849462365591398,0.7602905569007264
4,0.7503075030750308,0.7426470588235294,0.7118451025056948,0.7325,0.73875
