,auc1,auc2,auc3,auc4,auc5
0,0.7836724273148383,0.8028247487827034,0.8127380287411771,0.8071833195100345,0.8166508686109559
1,0.8101524418202725,0.8073363948673453,0.8082590876064306,0.812381577183812,0.8119117657432685
2,0.8086470169202231,0.8141427392564693,0.7989321709937016,0.8161923502817685,0.8071418999456916
3,0.8271267702214778,0.8082679237349715,0.815407364347101,0.8323811727589423,0.8167886909003172
4,0.8081901537593454,0.8145224996473409,0.8098998448300183,0.80633939906898,0.7898815065594582
