,AUC1,AUC2,AUC3,AUC4,AUC5
0,0.7247386759581882,0.7388758782201406,0.745049504950495,0.766887417218543,0.7697283311772316
1,0.7852161785216178,0.760186263096624,0.7636579572446556,0.7408675799086758,0.7619047619047619
2,0.7693315858453473,0.7512315270935961,0.7678571428571429,0.7343358395989975,0.758800521512386
3,0.7705128205128206,0.7793548387096774,0.741822429906542,0.7423167848699763,0.7502824858757062
4,0.7194244604316546,0.7398773006134969,0.7559681697612732,0.7361282367447596,0.7601115760111576
