,AUC1,AUC2,AUC3,AUC4,AUC5
0,0.7184466019417476,0.7375886524822695,0.7773224043715847,0.7560355781448539,0.7484035759897829
1,0.7663185378590078,0.7289504036908881,0.7641975308641975,0.768918918918919,0.7591888466413181
2,0.7905027932960894,0.7601522842639594,0.7388758782201406,0.7770177838577291,0.7618437900128041
3,0.7795071335927367,0.7726708074534161,0.7679900744416873,0.779639175257732,0.7364253393665159
4,0.760898282694848,0.7621023513139695,0.7387706855791962,0.7270588235294118,0.7628458498023716
