,auc1,auc2,auc3,auc4,auc5
0,0.7927591304298764,0.8236499715070781,0.8028727071661108,0.825265040595361,0.8138932615650232
1,0.8170796915892464,0.8153894990794237,0.8104444867697994,0.8056433806671888,0.8249197581811385
2,0.8171445095674376,0.8089742775932235,0.8149848712469054,0.8129564193168434,0.8064027422187428
3,0.8284897543383389,0.8116203567180584,0.8190744406615129,0.8227556265423519,0.8176790045418695
4,0.810636196924813,0.8050811115813232,0.809566934687544,0.8035322330370996,0.8197982790238398
