,sensitivity1,sensitivity2,sensitivity3,sensitivity4,sensitivity5
0,0.7538860103626943,0.767948717948718,0.7954887218045112,0.7366589327146171,0.7671052631578947
1,0.7617924528301887,0.7727272727272727,0.7637698898408812,0.7751322751322751,0.7812911725955204
2,0.7549751243781094,0.7734375,0.758745476477684,0.743142144638404,0.775235531628533
3,0.7773677736777368,0.7497155858930603,0.7589616810877626,0.7675,0.7729591836734694
4,0.7432762836185819,0.7452153110047847,0.7390243902439024,0.7690253671562083,0.7278250303766707
