,AUC1,AUC2,AUC3,AUC4,AUC5,AUC6,AUC7,AUC8,AUC9,AUC10,AUC11,AUC12,AUC13,AUC14,AUC15,AUC16,AUC17,AUC18,AUC19,AUC20,AUC21,AUC22,AUC23,AUC24,AUC25,AUC26,AUC27,AUC28,AUC29,AUC30,AUC31,AUC32,AUC33,AUC34,AUC35,AUC36,AUC37,AUC38,AUC39,AUC40,AUC41,AUC42,AUC43,AUC44,AUC45,AUC46,AUC47,AUC48,AUC49,AUC50
0,0.7357666666666667,0.753177777777778,0.7627555555555556,0.7711222222222222,0.7821444444444444,0.7732555555555557,0.7299000000000001,0.7832333333333333,0.7423666666666666,0.7462000000000001,0.7690222222222223,0.7470777777777777,0.7649666666666666,0.7724000000000001,0.7476555555555556,0.7632,0.7739111111111112,0.7400444444444444,0.7721333333333333,0.7616888888888889,0.7666777777777778,0.7524555555555554,0.7381666666666666,0.7632777777777777,0.7411555555555556,0.7619222222222223,0.7533,0.7627777777777777,0.7653,0.7868333333333333,0.7749444444444445,0.7434222222222222,0.7633444444444444,0.7519333333333333,0.7667333333333333,0.7550666666666667,0.7629444444444444,0.7786000000000002,0.7563333333333334,0.7631888888888889,0.7721222222222222,0.7537777777777779,0.7415000000000002,0.7616444444444445,0.7445888888888889,0.7571666666666668,0.7520222222222223,0.7469333333333333,0.7749222222222223,0.7516555555555556
