,auc1,auc2,auc3,auc4,auc5
0,0.8078349893081016,0.8033240801864171,0.8271213121413701,0.8178568808995865,0.8187483426146911
1,0.8118906030657665,0.8250918812914876,0.8021035701436945,0.8018806566073406,0.8067988628587957
2,0.8008802183618629,0.802656171755429,0.8040456190093311,0.8047692600664397,0.8126954571422526
3,0.8094051547889985,0.8139032845659686,0.8149840773542869,0.8285306720809777,0.8026099875976911
4,0.7990929609253774,0.8069572577232331,0.8098236704753845,0.7971589786993933,0.8005120609394838
