,AUC1,AUC2,AUC3,AUC4,AUC5
0,0.713953488372093,0.7446300715990454,0.717436974789916,0.7290969899665551,0.7203107658157603
1,0.7080610021786492,0.7270501835985312,0.7299771167048055,0.6970338983050848,0.7139664804469273
2,0.7076446280991735,0.7209821428571429,0.7373493975903614,0.7051416579223505,0.7187153931339978
3,0.71960569550931,0.732650739476678,0.7289293849658315,0.7224669603524229,0.7425
4,0.7216828478964401,0.7055150884495317,0.7505966587112172,0.7410071942446043,0.7243243243243244
