,time1,time2,time3,time4,time5
0,0.2179950714111328,0.2180203685760498,0.21747354125976562,0.2166579475402832,0.21613632774353028
1,0.21521733283996583,0.21657990074157715,0.21495368766784667,0.21531259155273438,0.21582159042358398
2,0.21593546104431152,0.21444440460205078,0.21443880081176758,0.21586001205444336,0.214802396774292
3,0.2154217185974121,0.21597224617004396,0.21606036949157714,0.2145807342529297,0.215135835647583
4,0.21636504364013673,0.21619897651672362,0.21597308349609376,0.2137306957244873,0.21410050964355468
