,specificity1,specificity2,specificity3,specificity4,specificity5
0,0.7157772621809745,0.7328159645232816,0.7462857142857143,0.7138084632516704,0.7520759193357058
1,0.7129840546697038,0.7181425485961123,0.7341614906832298,0.7138047138047138,0.7163677130044843
2,0.712882096069869,0.7162471395881007,0.7175324675324676,0.7130144605116796,0.7251732101616628
3,0.7142857142857143,0.7296996662958843,0.7177508269018743,0.734207389749702,0.7129521586931156
4,0.7479484173505275,0.7252252252252253,0.7202643171806168,0.6995841995841996,0.7248677248677249
