,AUC1,AUC2,AUC3,AUC4,AUC5,AUC6,AUC7,AUC8,AUC9,AUC10,AUC11,AUC12,AUC13,AUC14,AUC15,AUC16,AUC17,AUC18,AUC19,AUC20,AUC21,AUC22,AUC23,AUC24,AUC25
0,0.7976452433746903,0.8281270276522397,0.8133459717779019,0.7967566027409627,0.8136309009969702,0.8115703412129036,0.8207789276165885,0.8179106793924901,0.811971021240274,0.8050832751359702,0.8094778640598661,0.8021060352792648,0.8098601383804829,0.8195848585514485,0.8079318395012096,0.8154398163498833,0.8175294431377419,0.8166532390626169,0.8239387136872671,0.8320298445549068,0.81872478487798,0.8074171251234307,0.7948554097898153,0.8234504161376781,0.8114910424601496
