,time1,time2,time3,time4,time5
0,0.21788070678710938,0.2164705104827881,0.21724590110778808,0.21374764442443847,0.21687375640869141
1,0.21467518424987794,0.2144426212310791,0.21415546226501464,0.21373836708068847,0.21395222473144532
2,0.2151957302093506,0.21671827316284178,0.21571709632873534,0.21510489654541015,0.214421667098999
3,0.21413836288452148,0.2154286117553711,0.21650273513793944,0.21528052139282228,0.21556419944763183
4,0.2142652015686035,0.21603071594238282,0.21549335289001464,0.21556851005554198,0.2161882038116455
