,AUC1,AUC2,AUC3,AUC4,AUC5,AUC6,AUC7,AUC8,AUC9,AUC10,AUC11,AUC12,AUC13,AUC14,AUC15
0,0.7372555555555554,0.7459444444444443,0.7832111111111112,0.7666666666666667,0.7718666666666667,0.7568222222222223,0.7381555555555556,0.7523333333333333,0.7753777777777777,0.7576222222222222,0.7635222222222222,0.7837999999999999,0.7585555555555556,0.7595777777777777,0.7619999999999999
