,AUC1,AUC2,AUC3,AUC4,AUC5,AUC6,AUC7,AUC8,AUC9,AUC10,AUC11,AUC12,AUC13,AUC14,AUC15
0,0.7558,0.7482222222222222,0.7577666666666667,0.7444333333333333,0.7487111111111111,0.7612666666666668,0.7477111111111111,0.7708888888888888,0.7662222222222222,0.7610555555555556,0.7792444444444445,0.7703444444444444,0.7626888888888889,0.7659111111111111,0.7528000000000001
