,specificity1,specificity2,specificity3,specificity4,specificity5
0,0.7192982456140351,0.7356194690265486,0.6967615309126595,0.7530413625304136,0.724025974025974
1,0.75,0.7402298850574712,0.7335640138408305,0.7101293103448276,0.7167567567567568
2,0.725,0.7216157205240175,0.7426900584795322,0.7131519274376418,0.7098831030818279
3,0.7416762342135477,0.7540372670807454,0.7222857142857143,0.7251131221719457,0.7211111111111111
4,0.7390300230946882,0.7511792452830188,0.7361111111111112,0.7240641711229947,0.727061556329849
