,sensitivity1,sensitivity2,sensitivity3,sensitivity4,sensitivity5
0,0.7274939172749392,0.7523809523809524,0.7286914765906363,0.7539975399753998,0.7452380952380953
1,0.7844940867279895,0.7580645161290323,0.7482014388489209,0.7464788732394366,0.7791878172588832
2,0.7633209417596035,0.7556390977443609,0.7690387016229713,0.7426556991774383,0.7518610421836228
3,0.7773677736777368,0.7338530066815144,0.7691342534504392,0.7623762376237624,0.7497034400948992
4,0.7352216748768473,0.7685834502103787,0.7688243064729194,0.7310924369747899,0.7876344086021505
