,auc1,auc2,auc3,auc4,auc5
0,0.7912131778353279,0.8236400977222589,0.8205199817193927,0.8007597172148027,0.8199642286881407
1,0.7904697408982851,0.820004373620017,0.811650759387411,0.8020160977433533,0.807888035327563
2,0.8117432978565837,0.8041824478251977,0.8094228504122497,0.8106613627867939,0.8118928221295925
3,0.8059313795346382,0.8197037273241631,0.820245534674965,0.8173149777280494,0.7989852399825607
4,0.8202398081534772,0.7964607137819157,0.8049061926929044,0.7927606150373818,0.8106023416560869
