,specificity1,specificity2,specificity3,specificity4,specificity5
0,0.7232142857142857,0.7240223463687151,0.7357222844344905,0.7409988385598142,0.7154811715481172
1,0.7303634232121923,0.7217877094972067,0.7199074074074074,0.7365038560411311,0.7236061684460261
2,0.6977730646871686,0.728310502283105,0.7081545064377682,0.7172489082969432,0.7275902211874272
3,0.7350746268656716,0.7219679633867276,0.7238723872387238,0.7482352941176471,0.7051705170517052
4,0.7052518756698821,0.7327887981330222,0.7090539165818922,0.7031914893617022,0.709643605870021
