,sensitivity1,sensitivity2,sensitivity3,sensitivity4,sensitivity5
0,0.748730964467005,0.7490494296577946,0.7610619469026548,0.74726609963548,0.7774725274725275
1,0.7521058965102286,0.7680608365019012,0.7475609756097561,0.717439293598234,0.7395957193816884
2,0.7611336032388664,0.7561881188118812,0.7672872340425532,0.7682291666666666,0.7454545454545455
3,0.7318181818181818,0.7580246913580246,0.7819354838709678,0.7709832134292566,0.76
4,0.7443408788282291,0.7315598548972189,0.7817403708987162,0.7459677419354839,0.763013698630137
