,AUC1,AUC2,AUC3,AUC4,AUC5
0,0.7762148986949677,0.8211519039478212,0.8136266693749047,0.8200996405942326,0.8108859888172334
1,0.814252357874985,0.8098886137740813,0.8179219661538244,0.8090858428741738,0.8047206879281033
2,0.8078669516091491,0.7996487590190644,0.8052375813743538,0.8108842385899578,0.8016066806316696
3,0.8133360799955978,0.819078673531441,0.8184479759121481,0.8268981952453585,0.8168042114233872
4,0.806511496685005,0.797318380589646,0.8110678516010721,0.810227112427705,0.8123275497249259
