,auc1,auc2,auc3,auc4,auc5
0,0.8024439027968201,0.8191841996874242,0.8210503450182524,0.8012872594322855,0.8028854020323071
1,0.8109580344105136,0.8170740482085793,0.8138361585507798,0.8078682834952278,0.8151623530075692
2,0.8058624799870223,0.8085017244662617,0.8228363061862141,0.8053715889775219,0.8026928475205067
3,0.807857335351942,0.8105762488024505,0.8354852773729116,0.8120845614535112,0.8200211925687735
4,0.813997742982085,0.8075793482860771,0.8003131612357173,0.7993059669911129,0.7974777824798984
