,specificity1,specificity2,specificity3,specificity4,specificity5
0,0.7188533627342889,0.7351598173515982,0.761266747868453,0.7262044653349001,0.7266591676040495
1,0.7272727272727273,0.7379310344827587,0.7506053268765133,0.7160220994475138,0.727694090382387
2,0.7196367763904654,0.7394014962593516,0.7294633077765608,0.7141216991963261,0.7202718006795017
3,0.7111597374179431,0.7244897959183674,0.7542168674698795,0.7095744680851064,0.7331002331002331
4,0.7428243398392652,0.7373271889400922,0.7406947890818859,0.7194570135746606,0.7251131221719457
