,sensitivity1,sensitivity2,sensitivity3,sensitivity4,sensitivity5
0,0.7214111922141119,0.7634271099744245,0.761433868974042,0.7391857506361323,0.7479191438763377
1,0.7481389578163772,0.783641160949868,0.7292377701934016,0.7566204287515763,0.76010101010101
2,0.7630208333333334,0.7419753086419754,0.7736842105263158,0.7528662420382166,0.7469437652811736
3,0.7543640897755611,0.7821656050955414,0.7734877734877735,0.7502958579881657,0.7388149939540508
4,0.7448856799037304,0.7412060301507538,0.7474226804123711,0.7548476454293629,0.7767253044654939
