,AUC1,AUC2,AUC3,AUC4,AUC5
0,0.7533333333333334,0.7733333333333334,0.7683333333333333,0.7316666666666667,0.705
