,sensitivity1,sensitivity2,sensitivity3,sensitivity4,sensitivity5
0,0.7582781456953642,0.8064516129032258,0.8016826923076923,0.7871046228710462,0.7894117647058824
1,0.8203517587939698,0.7857961053837342,0.7965895249695494,0.799752781211372,0.7924970691676436
2,0.7851941747572816,0.7766439909297053,0.7941176470588235,0.7829099307159353,0.7903614457831325
3,0.8219512195121951,0.7981330221703618,0.8179551122194514,0.7814269535673839,0.7881165919282511
4,0.7942643391521197,0.7898550724637681,0.8115384615384615,0.7904040404040404,0.7953714981729598
