,sensitivity1,sensitivity2,sensitivity3,sensitivity4,sensitivity5
0,0.7937062937062938,0.7874109263657957,0.789598108747045,0.7972190034762456,0.7623220153340635
1,0.7737961926091825,0.7990762124711316,0.8016431924882629,0.8002296211251435,0.7947805456702254
2,0.7779005524861878,0.8014440433212996,0.8029556650246306,0.783410138248848,0.8221941992433796
3,0.828009828009828,0.7891832229580574,0.8069767441860465,0.8049353701527615,0.8037602820211516
4,0.7893491124260354,0.7932692307692307,0.7962732919254658,0.7909738717339667,0.8098676293622142
