,sensitivity1,sensitivity2,sensitivity3,sensitivity4,sensitivity5
0,0.829736211031175,0.7982062780269058,0.8214716525934861,0.8116113744075829,0.7938144329896907
1,0.8208430913348946,0.8020247469066367,0.8252656434474617,0.8170310701956272,0.813441483198146
2,0.7909407665505227,0.8210526315789474,0.8078291814946619,0.808235294117647,0.8231046931407943
3,0.8298397040690506,0.8223844282238443,0.8522167487684729,0.8291517323775388,0.8062709966405375
4,0.825653798256538,0.7894117647058824,0.809801633605601,0.7888631090487239,0.8114558472553699
