,sensitivity1,sensitivity2,sensitivity3,sensitivity4,sensitivity5
0,0.826362484157161,0.838107098381071,0.8121353558926487,0.8310214375788146,0.8144208037825059
1,0.7942157953281423,0.806378132118451,0.8199513381995134,0.8008752735229759,0.7927927927927928
2,0.830166270783848,0.828978622327791,0.8270858524788391,0.7993384785005513,0.8225806451612904
3,0.8362779740871613,0.821301775147929,0.8168202764976958,0.8052391799544419,0.8307322929171669
4,0.8065326633165829,0.7919621749408984,0.8268015170670038,0.827460510328068,0.8092909535452323
