,time1,time2,time3,time4,time5
0,0.5052467041015625,0.5069028415679931,0.5021030712127685,0.5006565761566162,0.503266206741333
1,0.5000313053131104,0.5075342464447021,0.5101968326568603,0.5107369842529297,0.5186370792388916
2,0.5081816082000732,0.5111707439422607,0.5106481056213379,0.5116103248596191,0.5065622959136963
3,0.5009300975799561,0.5118472805023193,0.511894323348999,0.5102421493530274,0.5089466800689697
4,0.5098620681762696,0.5090847473144531,0.5037061862945557,0.503411808013916,0.5043039817810059
