,sensitivity1,sensitivity2,sensitivity3,sensitivity4,sensitivity5
0,0.8397515527950311,0.8064889918887601,0.8072429906542056,0.8044237485448196,0.8113207547169812
1,0.8091954022988506,0.8029612756264237,0.8164924506387921,0.8269938650306748,0.8226190476190476
2,0.8064133016627079,0.8006872852233677,0.8148148148148148,0.8171296296296297,0.8011560693641618
3,0.8461538461538461,0.8387096774193549,0.8179640718562874,0.8402439024390244,0.8193939393939393
4,0.8079710144927537,0.8241206030150754,0.7916666666666666,0.8054892601431981,0.7988095238095239
