,specificity1,specificity2,specificity3,specificity4,specificity5
0,0.8156996587030717,0.8270401948842875,0.822463768115942,0.8218181818181818,0.8205741626794258
1,0.8144963144963145,0.8138957816377171,0.8153098420413123,0.7917146144994246,0.8056872037914692
2,0.7980997624703088,0.815043156596794,0.8028335301062574,0.8256097560975609,0.8095238095238095
3,0.8204225352112676,0.7938496583143508,0.7950530035335689,0.8055555555555556,0.789289871944121
4,0.8072429906542056,0.7995495495495496,0.8170731707317073,0.8120567375886525,0.806872037914692
