,sensitivity1,sensitivity2,sensitivity3,sensitivity4,sensitivity5
0,0.819304152637486,0.8638985005767013,0.8632580261593341,0.8535178777393311,0.8601645123384254
1,0.8589894242068156,0.858139534883721,0.8486547085201793,0.8788598574821853,0.8578088578088578
2,0.8731884057971014,0.8631578947368421,0.8509895227008148,0.8626760563380281,0.8645465253239105
3,0.8561643835616438,0.848587570621469,0.8896882494004796,0.8879518072289156,0.8531701890989989
4,0.8610129564193169,0.870049504950495,0.8842767295597485,0.8642691415313225,0.8702570379436965
