,auc1,auc2,auc3,auc4,auc5
0,0.8568724363422986,0.9359515789592467,0.9317354728414498,0.9475800763948837,0.9358471989483008
1,0.9318477133726958,0.9357233050458879,0.9322554476259003,0.9384673988953082,0.9298485457713443
2,0.9240952723528209,0.9317816663492802,0.9362462354443056,0.9314402996127886,0.9273890381780607
3,0.939412110805247,0.9397606170959972,0.9467956469165659,0.9409260672828784,0.947381193923292
4,0.9321455776555226,0.9358358019466779,0.9329609253773452,0.933732543377063,0.9361574269995768
