,specificity1,specificity2,specificity3,specificity4,specificity5
0,0.8282352941176471,0.8409090909090909,0.816374269005848,0.8178571428571428,0.8212083847102343
1,0.8144578313253013,0.8213836477987422,0.8136200716845878,0.8220858895705522,0.8136419001218027
2,0.795868772782503,0.8226779252110977,0.8002378121284186,0.8057553956834532,0.8065650644783119
3,0.7892325315005727,0.7900232018561485,0.8107798165137615,0.807556080283353,0.8268015170670038
4,0.8059023836549376,0.8045563549160671,0.8307134220072552,0.8126520681265207,0.817966903073286
