,AUC1,AUC2,AUC3,AUC4,AUC5
0,0.8228438228438228,0.8218527315914489,0.8093023255813954,0.8111239860950173,0.8300248138957816
1,0.7912341407151096,0.7947247706422018,0.8205445544554455,0.805115712545676,0.815136476426799
2,0.782707622298066,0.8009592326139089,0.7950819672131147,0.7873051224944321,0.8329268292682926
3,0.7916194790486977,0.8278388278388278,0.8081048867699643,0.8157575757575758,0.8251572327044026
4,0.7957589285714286,0.8209134615384616,0.8046783625730994,0.8321167883211679,0.7930258717660292
