,auc1,auc2,auc3,auc4,auc5
0,0.9036798185480459,0.8937312750723608,0.8980545822824806,0.895155921167702,0.8866503608163081
1,0.8891823446835828,0.8863380808273196,0.8944673706784049,0.8954408538434949,0.8824018228119554
2,0.8724021920822665,0.8898231804941353,0.8813468469421581,0.8850101916308725,0.8833301594690477
3,0.8860624291876135,0.8833251733007496,0.9005712963446347,0.8968082749785181,0.8872871395534886
4,0.8901777401608124,0.8859994357455212,0.8985583298067429,0.8795006347862886,0.8927620256735789
