,AUC1,AUC2
0,0.6276948379852965,0.6979933648166015
1,0.7339668028132253,0.7395424629124077
