,specificity1,specificity2,specificity3,specificity4,specificity5
0,0.7921787709497207,0.8127128263337117,0.8282950423216445,0.7991021324354658,0.8221957040572793
1,0.8203821656050956,0.8176178660049628,0.7900232018561485,0.8402597402597403,0.8103015075376885
2,0.8218527315914489,0.8206650831353919,0.8074679113185531,0.8404118404118404,0.7881548974943052
3,0.8239520958083832,0.8057210965435042,0.8186274509803921,0.8138957816377171,0.8061104582843713
4,0.7837837837837838,0.8042959427207638,0.7984322508398656,0.8222996515679443,0.8013856812933026
