,sensitivity1,sensitivity2,sensitivity3,sensitivity4,sensitivity5
0,0.8441717791411043,0.8491879350348028,0.8725728155339806,0.8773809523809524,0.8369195922989807
1,0.8613053613053613,0.8840236686390532,0.85,0.8745476477683957,0.8521046643913538
2,0.8564650059311981,0.8563348416289592,0.8504566210045662,0.8622327790973872,0.8753056234718827
3,0.8767772511848341,0.8751445086705202,0.8766006984866124,0.8783625730994152,0.8787185354691075
4,0.8663426488456865,0.8769987699876999,0.8825,0.8681983071342201,0.8740831295843521
