,auc1,auc2,auc3,auc4,auc5
0,0.8855670655675734,0.8920936373330626,0.8974085546471674,0.8951333525166866,0.8919765624559207
1,0.8866978463448529,0.8943530922198943,0.8876529885227745,0.887621949929105,0.8822198237854386
2,0.8868482117038008,0.89466579209073,0.8908430488845631,0.8890170189656024,0.8818913409929259
3,0.8977028214899985,0.8945690867865321,0.904876125061553,0.8911305854482398,0.8910191198734654
4,0.8816772464381436,0.8751417689377909,0.8883157003808717,0.8836211031175061,0.8820468331217378
