,AUC1,AUC2,AUC3,AUC4,AUC5
0,0.8968866545924384,0.888055259342011,0.8931529533900935,0.8921683959895508,0.8868379627278729
1,0.8859345791096155,0.8872720603277393,0.8881623036279884,0.878468386486925,0.88652290154417
2,0.8813468469421579,0.8785115281803884,0.8784325342248366,0.8883561498910306,0.8967661849445984
3,0.8941627312734308,0.8932710066752358,0.89900372351458,0.896248125191361,0.887831768817576
4,0.8856354916067145,0.8928494851177882,0.8870150938073071,0.8904612780363944,0.8840386514317958
