,time1,time2,time3,time4,time5
0,0.5107152938842774,0.5109491214752198,0.5081334552764892,0.5062998046875,0.5058458271026611
1,0.5047283496856689,0.5058715896606445,0.5095785083770752,0.5078956184387207,0.5096571598052978
2,0.5075755519866944,0.5067233715057373,0.5091395606994629,0.5099369125366211,0.5105584659576416
3,0.5040668449401855,0.503360948562622,0.5079303779602051,0.506399221420288,0.5070688800811768
4,0.508462558746338,0.5095629482269287,0.5137930946350098,0.5094327049255372,0.5081699104309082
