,specificity1,specificity2,specificity3,specificity4,specificity5
0,0.8273878020713463,0.8710462287104623,0.8616279069767442,0.8803317535545023,0.8764044943820225
1,0.8595641646489104,0.8712753277711561,0.8852040816326531,0.847953216374269,0.8683229813664596
2,0.8489892984542212,0.885,0.8712871287128713,0.8539192399049881,0.8464203233256351
3,0.8607142857142858,0.8778998778998779,0.8739393939393939,0.8721351025331725,0.8901234567901235
4,0.859465737514518,0.8610792192881745,0.8552036199095022,0.8646441073512252,0.8625866050808314
