,auc1,auc2,auc3,auc4,auc5
0,0.9016867245552564,0.8935154623470268,0.8833891907445963,0.8926508009050029,0.891544937005253
1,0.8930170218469374,0.8874935630189266,0.8926177526647338,0.8790496546956454,0.8883513568803392
2,0.883524823145229,0.8864264404054082,0.8807275907548859,0.892778400795582,0.8850228870880148
3,0.8990446412572188,0.8937803620232554,0.8830401600589215,0.898309532846365,0.886664907674052
4,0.8908872901678656,0.8846381718154888,0.886586260403442,0.8940400620679928,0.8807377627309918
