,AUC1,AUC2,AUC3,AUC4,AUC5,AUC6,AUC7,AUC8,AUC9,AUC10,AUC11,AUC12,AUC13,AUC14,AUC15,AUC16,AUC17,AUC18,AUC19,AUC20,AUC21,AUC22,AUC23,AUC24,AUC25,AUC26,AUC27,AUC28,AUC29,AUC30,AUC31,AUC32,AUC33,AUC34,AUC35,AUC36,AUC37,AUC38,AUC39,AUC40,AUC41,AUC42,AUC43,AUC44,AUC45,AUC46,AUC47,AUC48,AUC49,AUC50
0,0.7705666666666666,0.7689,0.7750222222222222,0.7739444444444445,0.7926000000000001,0.7797333333333335,0.7817666666666667,0.7900222222222222,0.7682555555555556,0.7696777777777777,0.7837,0.7603111111111112,0.7954111111111111,0.770488888888889,0.7690888888888889,0.777711111111111,0.7575888888888889,0.7523,0.7578444444444444,0.7577333333333333,0.7743777777777779,0.7668222222222222,0.7720111111111111,0.7835666666666667,0.7671222222222221,0.7843444444444444,0.7627333333333333,0.7632666666666666,0.7640555555555556,0.7514777777777778,0.7560333333333333,0.7698111111111111,0.7711333333333333,0.7803333333333333,0.7729666666666666,0.7691333333333334,0.7837777777777779,0.7751777777777779,0.7751222222222223,0.7704555555555557,0.7796333333333333,0.7507999999999999,0.7705111111111111,0.7754444444444445,0.7662888888888888,0.7442,0.7713444444444444,0.7783888888888889,0.7734111111111112,0.7586222222222222
