,AUC1,AUC2,AUC3,AUC4,AUC5,AUC6,AUC7,AUC8,AUC9,AUC10,AUC11,AUC12,AUC13,AUC14,AUC15
0,0.7868333333333333,0.7753333333333334,0.7644666666666666,0.7714,0.7908111111111111,0.7905777777777778,0.7720888888888889,0.7687777777777779,0.7689222222222222,0.7724222222222223,0.7754777777777777,0.7615555555555555,0.7693,0.7726888888888889,0.772588888888889
