,AUC1,AUC2,AUC3,AUC4,AUC5,AUC6,AUC7,AUC8,AUC9,AUC10,AUC11,AUC12,AUC13,AUC14,AUC15,AUC16,AUC17,AUC18,AUC19,AUC20,AUC21,AUC22,AUC23,AUC24,AUC25
0,0.8764592043422083,0.8765043416442391,0.8809771661673353,0.8830957982813971,0.8668618854979491,0.8724384342440339,0.8784810840934261,0.8739706120951755,0.8656607340627404,0.8618824907060573,0.8605460457177518,0.865859799834959,0.8682789897237327,0.8751063244535664,0.8651587284794369,0.8836892001145696,0.8704643035024177,0.8823318598242795,0.8819621891838886,0.87152111002781,0.8751262519396248,0.8672675976865566,0.8725828748765694,0.8609140922556071,0.8700902807166032
