,AUC1,AUC2,AUC3,AUC4,AUC5
0,0.8778542290830921,0.8711033813481384,0.8741050119331741,0.8753970672038005,0.8849309117170794
1,0.8702361049386634,0.8659767633801028,0.8748989482149282,0.8749172892020965,0.8786997650942797
2,0.8668260651841194,0.8749652638186525,0.8626901673684433,0.859890113765402,0.8718605192441972
3,0.8679302253721046,0.8765568142856539,0.8886712880199904,0.8713715486236824,0.8847629381196743
4,0.8681393708562561,0.8848525885174213,0.8656115107913668,0.8698391874735505,0.8598250811115813
