,auc1,auc2,auc3,auc4,auc5
0,0.9221734175144015,0.9479143745380479,0.9439042073607656,0.948884826531706,0.9556920958941983
1,0.9494987972544953,0.9502719404059001,0.9488752036907709,0.9523614020979269,0.9511579511706487
2,0.9422695245551299,0.9497302215357271,0.9515245128118321,0.9441935916153558,0.9546461846624772
3,0.9590371067487466,0.9484789181913229,0.9529841027515066,0.9550483323197961,0.9440160623304206
4,0.9516828889829313,0.948291719565524,0.9514642403724081,0.943449005501481,0.9489265058541403
