,time1,time2,time3,time4,time5
0,0.44232431983947756,0.43960980606079103,0.44019269943237305,0.4393881092071533,0.4406979217529297
1,0.4380980606079102,0.4381309051513672,0.43796271133422854,0.4392438945770264,0.4377919330596924
2,0.43851103401184083,0.43864042282104493,0.4387304134368896,0.43953102684020995,0.44415720939636233
3,0.43898973083496096,0.4384274215698242,0.44051566314697266,0.4383329601287842,0.4351486072540283
4,0.43719336318969726,0.4394723567962647,0.44194291496276855,0.4419821071624756,0.44012292098999023
