,auc1,auc2,auc3,auc4,auc5
0,0.891212049402777,0.8900314268465387,0.8857518463977613,0.8881822080039721,0.8821168830436084
1,0.8677233896965978,0.8684626725639994,0.8883626436416736,0.8848228331181794,0.8849850803123611
2,0.8798233920850878,0.8746746789107298,0.8815570272881799,0.8777554431772498,0.8749539789678593
3,0.8863629629525114,0.8872123588514249,0.8988950798530913,0.8851015677139257,0.8859340321331267
4,0.8705064183946959,0.8710452814219213,0.8822146988291719,0.8780928198617577,0.8746424037240794
