,AUC1,AUC2
0,0.6299982509295463,0.7160764964426164
1,0.6960334088135497,0.6934050042678067
