,AUC1,AUC2,AUC3,AUC4,AUC5
0,0.7897142857142857,0.81068524970964,0.7995495495495496,0.8287153652392947,0.7988636363636363
1,0.8141486810551559,0.8050541516245487,0.7934782608695652,0.8133333333333334,0.8288288288288288
2,0.8050847457627118,0.8127388535031848,0.7802071346375143,0.8,0.8083140877598153
3,0.8028004667444574,0.7800224466891134,0.7974087161366313,0.8006912442396313,0.812039312039312
4,0.8064133016627079,0.8128019323671497,0.7932584269662921,0.7975391498881432,0.8125741399762753
