,auc1,auc2,auc3,auc4,auc5
0,0.8814511078386567,0.8741416859910742,0.8835288342727534,0.8852652098602437,0.8916888121554755
1,0.8671223696555421,0.8709245973800606,0.8725865729865474,0.8828899752396673,0.876604660021586
2,0.8762855913614466,0.8828759442246248,0.8807402862120284,0.8823906956405211,0.878446640288328
3,0.883383022523101,0.8858888815205598,0.8837301178572083,0.8890176778757765,0.8925457749608812
4,0.8737579348286076,0.8826985470447172,0.8763111863450416,0.8746607419946395,0.8751544646635632
