,auc1,auc2,auc3,auc4,auc5
0,0.9083614030930335,0.9472401360889656,0.9569319611593516,0.9510415432443564,0.9492938833313586
1,0.9549785198823356,0.9474135680979692,0.9495989672613379,0.9511607728609824,0.9455794693811328
2,0.9573601912782208,0.9466113708977804,0.939523073993356,0.9533907450117433,0.9495397896785933
3,0.9537756494280686,0.9603873922558234,0.9523040216497187,0.957455424352265,0.9500817649374452
4,0.9505275779376499,0.9464381436027649,0.9510706728734659,0.9420284948511779,0.9465157285935957
