,specificity1,specificity2,specificity3,specificity4,specificity5
0,0.8341584158415841,0.8055222088835534,0.8218181818181818,0.8095238095238095,0.8365019011406845
1,0.7851140456182473,0.7979539641943734,0.8064516129032258,0.8080568720379147,0.7804323094425484
2,0.8076923076923077,0.7914746543778802,0.7958715596330275,0.7933884297520661,0.7761194029850746
3,0.7942528735632184,0.7889273356401384,0.8061926605504587,0.7869222096956031,0.7997630331753555
4,0.8099273607748184,0.7827586206896552,0.8166259168704156,0.80622009569378,0.8068459657701712
