,specificity1,specificity2,specificity3,specificity4,specificity5
0,0.8733727810650888,0.9056603773584906,0.8928571428571429,0.8881036513545347,0.887816646562123
1,0.8867235079171741,0.8980891719745223,0.8893034825870647,0.8837485172004745,0.8724672228843862
2,0.8748538011695907,0.8686987104337632,0.878345498783455,0.8854415274463007,0.8927250308261405
3,0.8856799037304453,0.898159509202454,0.8774038461538461,0.8806682577565632,0.8679906542056075
4,0.8903614457831325,0.8658109684947491,0.9031055900621118,0.8614668218859138,0.8667439165701043
