,sensitivity1,sensitivity2,sensitivity3,sensitivity4,sensitivity5
0,0.8036529680365296,0.7943595769682726,0.8044237485448196,0.818955042527339,0.7921787709497207
1,0.7943595769682726,0.7727272727272727,0.8181818181818182,0.825,0.822360248447205
2,0.8086854460093896,0.8186274509803921,0.8263546798029556,0.8052568697729988,0.8044280442804428
3,0.8329238329238329,0.824969400244798,0.8472906403940886,0.8381430363864492,0.819047619047619
4,0.789044289044289,0.7923832923832924,0.789838337182448,0.7924528301886793,0.7806004618937644
