,AUC1,AUC2,AUC3,AUC4,AUC5
0,0.8084054388133498,0.8201701093560145,0.8291457286432161,0.7887640449438202,0.822139303482587
1,0.8235294117647058,0.8124267291910903,0.7990654205607477,0.8160651920838184,0.7960308710033076
2,0.8018648018648019,0.7808676307007787,0.807361963190184,0.8253968253968254,0.8349633251833741
3,0.8319226118500604,0.8335435056746532,0.8203592814371258,0.8382352941176471,0.8091954022988506
4,0.7969121140142518,0.7932242990654206,0.818639798488665,0.8265822784810126,0.8038049940546967
