,time1,time2,time3,time4,time5
0,0.4476015682220459,0.4448185386657715,0.44271600914001463,0.44485621070861814,0.4410651378631592
1,0.4397746639251709,0.440578821182251,0.44439873695373533,0.44373279762268064,0.44204330253601076
2,0.44251151847839354,0.44303154754638674,0.44412448883056643,0.44293823432922363,0.4413240089416504
3,0.43814095306396483,0.44835700607299805,0.4444103832244873,0.44360692596435547,0.4436496200561523
4,0.44403533554077146,0.44382252311706544,0.44214356803894045,0.44130729484558107,0.4425204334259033
