,specificity1,specificity2,specificity3,specificity4,specificity5
0,0.875,0.8801410105757932,0.8820093457943925,0.882282996432818,0.8984468339307049
1,0.8642857142857143,0.8947368421052632,0.8593563766388558,0.8935912938331319,0.8963414634146342
2,0.9103362391033624,0.8978562421185372,0.8751560549313359,0.8784933171324423,0.8841463414634146
3,0.8866348448687351,0.8710433763188745,0.8588098016336057,0.8826347305389222,0.8984771573604061
4,0.8903456495828367,0.8898203592814371,0.8819362455726092,0.898159509202454,0.8943488943488943
