,sensitivity1,sensitivity2,sensitivity3,sensitivity4,sensitivity5
0,0.8050541516245487,0.8110137672090113,0.7995283018867925,0.8056206088992974,0.8156288156288156
1,0.8335517693315858,0.7966903073286052,0.8140703517587939,0.8137369033760187,0.7967097532314924
2,0.7904328018223234,0.8029953917050692,0.830423940149626,0.8260325406758448,0.8135802469135802
3,0.8396846254927727,0.8137369033760187,0.8137019230769231,0.8446726572528883,0.8365853658536585
4,0.8260309278350515,0.8304862023653088,0.7869222096956031,0.8124191461836999,0.8221649484536082
