,auc1,auc2,auc3,auc4,auc5
0,0.8848885954964256,0.8853879269001393,0.8830746401710705,0.8956989793327579,0.8844470962609386
1,0.884685981137,0.8830494007435153,0.8840849610959445,0.8817401364287276,0.8790849258248152
2,0.8855532750752911,0.8883166529132547,0.8878440997862932,0.8807600347009161,0.8737196984123625
3,0.8822881201683553,0.880079973022509,0.8812270807730348,0.8871439274542533,0.8861428537162481
4,0.8787346593313585,0.8832613908872903,0.8771759063337566,0.8912004514035831,0.8828226830300464
