,auc1,auc2,auc3,auc4,auc5
0,0.9226219694533307,0.9535339686408595,0.9528202350525004,0.9515944751942316,0.9566794743761179
1,0.9436212162896183,0.9434871859987726,0.9455837019166331,0.9563921867394662,0.9505597528199268
2,0.9547040195227919,0.9471925407136258,0.9345704351015283,0.9458256631613098,0.9450526508819816
3,0.9551612088512133,0.956717494028126,0.9449571704111104,0.9573834655634867,0.9556917285488735
4,0.9528170404852588,0.9538707857243616,0.9456213852447453,0.9489406122161096,0.9490929609253773
