,sensitivity1,sensitivity2,sensitivity3,sensitivity4,sensitivity5
0,0.808235294117647,0.8067915690866511,0.8461538461538461,0.8313878080415046,0.8107448107448108
1,0.8163265306122449,0.8050749711649365,0.8268292682926829,0.8329207920792079,0.8380102040816326
2,0.8054892601431981,0.8424317617866005,0.8198090692124105,0.7845982142857143,0.8062111801242235
3,0.830694275274056,0.8028846153846154,0.8064516129032258,0.82063305978898,0.8284313725490197
4,0.8128872366790583,0.7850574712643679,0.8077889447236181,0.8226415094339623,0.7978723404255319
