,time1,time2,time3,time4,time5
0,0.43493253326416015,0.43530549812316893,0.4335769691467285,0.43423020362854003,0.4335761661529541
1,0.43270825004577634,0.4320461654663086,0.43394382286071775,0.43560865211486816,0.4334459228515625
2,0.4319171981811523,0.4348919467926025,0.43327271652221677,0.43383034896850586,0.4332213287353516
3,0.4332566204071045,0.43424856758117675,0.4374558925628662,0.43378596687316895,0.43493620109558107
4,0.43354411125183107,0.4350979156494141,0.43069441032409667,0.4337680015563965,0.4345916404724121
