,sensitivity1,sensitivity2,sensitivity3,sensitivity4,sensitivity5
0,0.847926267281106,0.8835534213685474,0.8900966183574879,0.8766310794780545,0.8890200708382526
1,0.8779620853080569,0.8541436464088398,0.8721893491124261,0.8949824970828472,0.8912037037037037
2,0.8819523269012486,0.8619528619528619,0.8482446206115515,0.8699186991869918,0.8726851851851852
3,0.900709219858156,0.8989169675090253,0.8899637243047158,0.8939929328621908,0.8671875
4,0.8781065088757396,0.8739693757361602,0.8769414575866189,0.8642117376294591,0.8597701149425288
