,specificity1,specificity2,specificity3,specificity4,specificity5
0,0.8018757327080891,0.7853107344632768,0.8086124401913876,0.8192771084337349,0.8034682080924855
1,0.762214983713355,0.7840095465393795,0.7668918918918919,0.8109090909090909,0.787515006002401
2,0.8076923076923077,0.8137254901960784,0.7925170068027211,0.7864406779661017,0.782608695652174
3,0.7638136511375948,0.8084848484848485,0.7887323943661971,0.7801104972375691,0.8020833333333334
4,0.7874449339207048,0.781148429035753,0.8293601003764115,0.7738748627881449,0.7841409691629956
