,specificity1,specificity2,specificity3,specificity4,specificity5
0,0.8189448441247003,0.8204819277108434,0.7849462365591398,0.7842278203723987,0.7988439306358381
1,0.7943595769682726,0.8078335373317014,0.7951388888888888,0.7922374429223744,0.78
2,0.7943262411347518,0.806378132118451,0.8085106382978723,0.8147208121827412,0.7724687144482366
3,0.7972190034762456,0.778169014084507,0.8075980392156863,0.8110709987966306,0.7914746543778802
4,0.7970353477765109,0.8144963144963145,0.7849099099099099,0.7975253093363329,0.8102625298329356
