,sensitivity1,sensitivity2,sensitivity3,sensitivity4,sensitivity5
0,0.736144578313253,0.7563329312424608,0.7432098765432099,0.751207729468599,0.7477931904161412
1,0.745958429561201,0.7581699346405228,0.7790849673202614,0.7621951219512195,0.7807133421400264
2,0.7302857142857143,0.7320627802690582,0.7460510328068044,0.764,0.7475490196078431
3,0.7835051546391752,0.7693298969072165,0.8,0.7575,0.7505854800936768
4,0.7542706964520368,0.7404674046740467,0.7353324641460235,0.7062084257206208,0.7593516209476309
