,time1,time2,time3,time4,time5
0,0.1149221076965332,0.11433784675598145,0.11466183090209961,0.11495050811767578,0.115009033203125
1,0.11485824203491211,0.11523139953613282,0.11528780937194824,0.11448977661132813,0.11635369682312012
2,0.11619548225402831,0.11594372749328613,0.1156809024810791,0.11530045127868652,0.11550719261169434
3,0.11746736717224121,0.11693664169311524,0.1166901912689209,0.1157307300567627,0.11557155799865723
4,0.11501433372497559,0.1141847038269043,0.11643550872802734,0.11674188613891602,0.11587145614624024
