,sensitivity1,sensitivity2,sensitivity3,sensitivity4,sensitivity5
0,0.7979094076655052,0.7971188475390156,0.8014268727705113,0.8208020050125313,0.8115429917550059
1,0.7757847533632287,0.7649164677804295,0.7973621103117506,0.7782754759238522,0.810843373493976
2,0.8277202072538861,0.7767106842737095,0.7885304659498208,0.8195302843016069,0.7870036101083032
3,0.8276299112801014,0.8041615667074663,0.829683698296837,0.8284714119019837,0.8134146341463414
4,0.8038277511961722,0.8073979591836735,0.7908979089790897,0.8154981549815498,0.8156862745098039
