,specificity1,specificity2,specificity3,specificity4,specificity5
0,0.8165249088699879,0.7955346650998825,0.8054567022538552,0.7934537246049661,0.8215568862275449
1,0.7941919191919192,0.7470449172576832,0.7764705882352941,0.797724399494311,0.7868852459016393
2,0.7697368421052632,0.7626321974148061,0.7768595041322314,0.7874285714285715,0.7713950762016413
3,0.7720670391061453,0.7693194925028836,0.796983758700696,0.8222490931076178,0.7800925925925926
4,0.8089622641509434,0.7766666666666666,0.7807118254879449,0.8036739380022963,0.7714907508161044
