,sensitivity1,sensitivity2,sensitivity3,sensitivity4,sensitivity5
0,0.7259953161592506,0.7528089887640449,0.7601918465227818,0.7481481481481481,0.7630922693266833
1,0.770595690747782,0.7659817351598174,0.7727272727272727,0.7578947368421053,0.7570093457943925
2,0.7649164677804295,0.7602409638554217,0.7485515643105446,0.7606635071090048,0.7802469135802469
3,0.785024154589372,0.7723970944309927,0.7758007117437722,0.7922705314009661,0.7867647058823529
4,0.7610062893081762,0.7617896009673518,0.7981530343007915,0.7404494382022472,0.7064555420219245
