,sensitivity1,sensitivity2,sensitivity3,sensitivity4,sensitivity5
0,0.8228299643281808,0.8253968253968254,0.7922374429223744,0.8176605504587156,0.8066825775656324
1,0.8220338983050848,0.8267441860465117,0.8132250580046404,0.843358395989975,0.7937915742793792
2,0.8183962264150944,0.8349633251833741,0.8118214716525934,0.8142011834319527,0.8221957040572793
3,0.8209658421672555,0.8355663824604141,0.8425692695214105,0.8279181708784596,0.8311057108140948
4,0.8035294117647059,0.8044496487119438,0.8088235294117647,0.8019559902200489,0.8105134474327629
