,auc1,auc2,auc3,auc4,auc5
0,0.7675358418388936,0.9002945208957497,0.8807303215468554,0.8663808911231854,0.8989657915672234
1,0.8874540593542563,0.8911645821429326,0.8759965857546964,0.887406090618585,0.8778885291233715
2,0.8718859101584816,0.8843923460499494,0.8737352150822031,0.8947518390780278,0.8927262083606637
3,0.8954551675581562,0.8854035124354662,0.8916060778368342,0.883165735200123,0.8888420137737588
4,0.8887628720552969,0.8957610382282409,0.8915136126393003,0.8902736634222034,0.8916377486246297
