,AUC1,AUC2,AUC3,AUC4,AUC5
0,0.8353365384615384,0.8070588235294117,0.816350710900474,0.8219832735961768,0.8138987043580683
1,0.7935560859188544,0.8312020460358056,0.8188775510204082,0.817283950617284,0.8061349693251534
2,0.7995310668229777,0.7981438515081206,0.8167664670658683,0.8238276299112801,0.806872037914692
3,0.8130277442702051,0.7949015063731171,0.7915690866510539,0.8045023696682464,0.8154761904761905
4,0.8120567375886525,0.8138173302107728,0.7891231964483907,0.8317073170731707,0.8057471264367816
