,auc1,auc2,auc3,auc4,auc5
0,0.8977428527903316,0.889939741701789,0.8909962366774433,0.8917621602712752,0.892710043613918
1,0.8914792006151284,0.8899921698093243,0.892818092678419,0.890335005184856,0.8825965194449734
2,0.875224815386894,0.8892730440179711,0.8815344575865937,0.8758468927868643,0.8934315115352336
3,0.888959123175104,0.8956639891412778,0.8997430647953618,0.8968576584610132,0.8939750740399498
4,0.8882338834814502,0.8872295105092396,0.8885696148963184,0.8864437861475525,0.8792537734518268
