,AUC1,AUC2,AUC3,AUC4,AUC5
0,0.8227699530516432,0.8081534772182254,0.8130952380952381,0.8134592680047226,0.8143712574850299
1,0.806146572104019,0.8015521064301552,0.7922222222222223,0.8089244851258581,0.8020713463751439
2,0.8158844765342961,0.8211678832116789,0.8197879858657244,0.7932960893854749,0.8166666666666667
3,0.8210526315789474,0.8282582216808769,0.8180722891566266,0.8238095238095238,0.8317535545023697
4,0.8054892601431981,0.8132530120481928,0.822477650063857,0.8055555555555556,0.816953316953317
