,specificity1,specificity2,specificity3,specificity4,specificity5
0,0.8343125734430082,0.810244470314319,0.8117249154453213,0.8165024630541872,0.8006912442396313
1,0.8125755743651754,0.8178484107579462,0.7945368171021377,0.7958236658932715,0.8198307134220073
2,0.8128797083839611,0.8131067961165048,0.7957992998833139,0.7959905660377359,0.8016627078384798
3,0.8022727272727272,0.8021077283372365,0.8104265402843602,0.7873051224944321,0.8052884615384616
4,0.8329177057356608,0.8090803259604191,0.8296296296296296,0.7913340935005702,0.8004667444574096
