,sensitivity1,sensitivity2,sensitivity3,sensitivity4,sensitivity5
0,0.8367346938775511,0.8181818181818182,0.8419071518193224,0.7901376146788991,0.8149509803921569
1,0.8168028004667445,0.815242494226328,0.8099762470308789,0.8260340632603407,0.823803967327888
2,0.8072009291521487,0.8081395348837209,0.814993954050786,0.8086124401913876,0.8099762470308789
3,0.849502487562189,0.8289156626506025,0.8297619047619048,0.8473282442748091,0.8157276995305164
4,0.7936507936507936,0.8121212121212121,0.7963386727688787,0.8066914498141264,0.8016928657799275
