,specificity1,specificity2,specificity3,specificity4,specificity5
0,0.813200498132005,0.8216340621403913,0.8408812729498164,0.8595360824742269,0.84375
1,0.8111888111888111,0.8333333333333334,0.8165887850467289,0.8203309692671394,0.829940119760479
2,0.8045977011494253,0.8246041412911084,0.8288834951456311,0.8035914702581369,0.8195937873357229
3,0.8212616822429907,0.7975253093363329,0.8349282296650717,0.8347934918648311,0.865211810012837
4,0.8255555555555556,0.8364485981308412,0.8327605956471936,0.8101545253863135,0.8289623717217788
