,sensitivity1,sensitivity2,sensitivity3,sensitivity4,sensitivity5
0,0.8243243243243243,0.8140643623361145,0.8149509803921569,0.7961926091825308,0.8022857142857143
1,0.8296019900497512,0.8046875,0.8151162790697675,0.7979334098737084,0.8111638954869359
2,0.7945205479452054,0.8117782909930716,0.7993039443155452,0.7825112107623319,0.8187274909963985
3,0.8327183271832719,0.8247914183551848,0.825287356321839,0.8173618940248027,0.8268551236749117
4,0.8094117647058824,0.8138686131386861,0.829733163913596,0.8113440197287299,0.7827626918536009
