,specificity1,specificity2,specificity3,specificity4,specificity5
0,0.8080459770114943,0.8165680473372781,0.8006912442396313,0.8394437420986094,0.8318912237330037
1,0.7863636363636364,0.8299492385786802,0.8131067961165048,0.8031980319803198,0.7957244655581948
2,0.8106435643564357,0.8215158924205379,0.805352798053528,0.8093434343434344,0.8037602820211516
3,0.7933409873708381,0.8047337278106509,0.8292383292383292,0.8343789209535759,0.8143712574850299
4,0.8249400479616307,0.808584686774942,0.798216276477146,0.7983963344788088,0.7956989247311828
