,AUC1,AUC2,AUC3,AUC4,AUC5
0,0.897015013795088,0.882823563928525,0.889732392220586,0.8880101220399803,0.8936678007413802
1,0.8772734006306477,0.8880663661566462,0.8810093186323266,0.8799159136280589,0.8865892112670093
2,0.8829013351389093,0.8901589048052305,0.8887257287545052,0.8892236727957512,0.8790673070819491
3,0.8915665710508381,0.8882494119838191,0.88918064336801,0.8903432716416058,0.8964569467744825
4,0.8915136126393002,0.8926562279588095,0.8812131471293555,0.8917280293412329,0.8891268161941035
