,specificity1,specificity2,specificity3,specificity4,specificity5
0,0.8268090154211151,0.8127167630057803,0.8217821782178217,0.8460591133004927,0.8085106382978723
1,0.7948717948717948,0.8252427184466019,0.8126520681265207,0.7945823927765236,0.8222506393861893
2,0.8145933014354066,0.8083140877598153,0.7941520467836257,0.8081048867699643,0.8108747044917257
3,0.8083832335329342,0.8018539976825029,0.7887640449438202,0.8018757327080891,0.7990708478513356
4,0.8189448441247003,0.8228915662650602,0.7995391705069125,0.7944572748267898,0.8025404157043879
