,specificity1,specificity2,specificity3,specificity4,specificity5
0,0.8143203883495146,0.7956521739130434,0.8281990521327014,0.8384332925336597,0.8394768133174791
1,0.8069767441860465,0.8052391799544419,0.8253012048192772,0.8316831683168316,0.853904282115869
2,0.8026905829596412,0.802013422818792,0.7902330743618202,0.8215527230590962,0.8240190249702735
3,0.8408262454434994,0.8275862068965517,0.8203033838973163,0.8257839721254355,0.8151549942594719
4,0.8263337116912599,0.8351126927639383,0.8319907940161104,0.8156996587030717,0.8335315101070154
