,time1,time2,time3,time4,time5
0,0.5711852931976318,0.5701551170349121,0.5727766342163086,0.5729086933135986,0.5747890663146973
1,0.5752350826263428,0.5753217620849609,0.5774145832061768,0.5755781269073487,0.5753146419525147
2,0.5810493888854981,0.5708581027984619,0.5716988105773926,0.5720463256835937,0.5704434242248535
3,0.5695821151733399,0.5699622402191162,0.5710872535705567,0.5717933826446533,0.5718107357025146
4,0.5748056964874267,0.5723045654296876,0.5688196830749511,0.5711396598815918,0.5674847583770752
