,auc1,auc2,auc3,auc4,auc5
0,0.8913897775295228,0.8890243007949807,0.8868520681347575,0.9022269616389356,0.8877618668788121
1,0.8856199606374198,0.8941598064320431,0.8867302957836892,0.888860671985553,0.8796845350207041
2,0.8830367533484269,0.8859792781927311,0.8835558564849101,0.887801781595819,0.8937968585796605
3,0.8897309164586681,0.8875199473995363,0.8981148208296708,0.8872814957269177,0.8940992382245085
4,0.881856397235153,0.8860643250105797,0.8790605162928482,0.8742036958668359,0.8880011285089576
