,AUC1,AUC2
0,0.6626099516466651,0.7306092971557857
1,0.7048469585705316,0.7084375595200305
