,sensitivity1,sensitivity2,sensitivity3,sensitivity4,sensitivity5
0,0.7965116279069767,0.8507853403141361,0.825,0.8143021914648212,0.833926453143535
1,0.8361650485436893,0.8486352357320099,0.8313817330210773,0.8207762557077626,0.8303370786516854
2,0.8497474747474747,0.850632911392405,0.842911877394636,0.8465286236297198,0.8315539739027283
3,0.8432055749128919,0.8446026097271648,0.8500604594921403,0.8590522478736331,0.8560885608856088
4,0.8480697384806973,0.8263971462544589,0.8441717791411043,0.8347826086956521,0.8232502965599051
