,time1,time2,time3,time4,time5
0,0.5685247421264649,0.5713215827941894,0.5677875213623047,0.569380220413208,0.5667621250152588
1,0.5671088104248047,0.5693002071380615,0.5724710731506347,0.5658064022064209,0.5659816989898682
2,0.5628201866149902,0.564984733581543,0.5699361209869385,0.5751309452056885,0.5724348068237305
3,0.5706149082183838,0.5650259628295898,0.5668350982666016,0.5673859634399414,0.5705006294250489
4,0.5650100650787353,0.5692097415924072,0.5676252841949463,0.565629051208496,0.5712150001525879
