,auc1,auc2,auc3,auc4,auc5
0,0.9022114456913625,0.8896830232964901,0.8936212528986611,0.8870707019414682,0.8849718173970447
1,0.890772367186563,0.890862661277238,0.8845350207041529,0.8845604159171552,0.8894616920266084
2,0.8801210300247561,0.8814512318119945,0.8856477857006836,0.8788444312787851,0.8817121939865851
3,0.8949317026437096,0.894432223992189,0.8945295800005362,0.8971412607461986,0.8853569508662569
4,0.8852391028353788,0.884014670616448,0.8919607843137256,0.8702736634222035,0.8745521230074763
