,AUC1,AUC2,AUC3,AUC4,AUC5
0,0.7734627831715211,0.8053613053613053,0.7842227378190255,0.8064516129032258,0.801909307875895
1,0.7706214689265537,0.7875706214689265,0.7918660287081339,0.7949940405244339,0.796092796092796
2,0.7905092592592593,0.7949015063731171,0.7847309136420526,0.7876960193003619,0.7903981264637002
3,0.7823529411764706,0.7995018679950187,0.7832744405182568,0.7757847533632287,0.8016431924882629
4,0.7939464493597206,0.7922222222222223,0.8040380047505938,0.7925840092699884,0.8021201413427562
