,auc1,auc2,auc3,auc4,auc5
0,0.8841988410997703,0.8744788052156152,0.8696843774155509,0.873082369934043,0.872843988557694
1,0.8721929471850113,0.8709598685092305,0.8710163023159023,0.8762082125297159,0.8695687751747684
2,0.8594373091273284,0.8761924913424036,0.8698066763998507,0.8599662865082556,0.8690378959395695
3,0.8786915916860791,0.8785660165448775,0.8817844086469067,0.8792559743431644,0.8686484023032455
4,0.8763746649739033,0.8715418253632389,0.8764056989702356,0.8735773733954013,0.8747199887149104
