,specificity1,specificity2,specificity3,specificity4,specificity5
0,0.8629807692307693,0.8896797153024911,0.8881987577639752,0.8854679802955665,0.8816568047337278
1,0.8650990099009901,0.8595641646489104,0.8666666666666667,0.8617788461538461,0.8559622195985832
2,0.8518957345971564,0.8436018957345972,0.8457997698504027,0.8468571428571429,0.8657957244655582
3,0.8655256723716381,0.8506417736289381,0.8717026378896883,0.8751515151515151,0.863961813842482
4,0.8863636363636364,0.8514739229024944,0.8615023474178404,0.8782287822878229,0.854524627720504
