,auc1,auc2,auc3,auc4,auc5
0,0.930609861372061,0.9505013061606774,0.9421537263663908,0.9390773371248666,0.9491415449370052
1,0.9317475433658533,0.9366572845463075,0.9358643895625675,0.9374515903752142,0.9392997975437186
2,0.9335237651904671,0.9226508114513023,0.9373479190029833,0.9395837300663691,0.9331626499650875
3,0.9352836516686679,0.9390579606879261,0.9432456800034991,0.943832637966868,0.9402615067041605
4,0.9396416984059812,0.9336013542107492,0.9387247848779801,0.930433065312456,0.9371801382423472
