,AUC1,AUC2,AUC3,AUC4,AUC5
0,0.8295904887714664,0.8123486682808717,0.7931873479318735,0.7981109799291618,0.7943262411347518
1,0.8160200250312891,0.8347934918648311,0.8030660377358491,0.808284023668639,0.7953757225433526
2,0.8146341463414634,0.8185140073081608,0.7649717514124293,0.7871345029239766,0.8072289156626506
3,0.8057553956834532,0.7900113507377979,0.8059880239520958,0.8295454545454546,0.8269230769230769
4,0.7963636363636364,0.8252551020408163,0.7945368171021377,0.7978075517661388,0.7976047904191617
