,specificity1,specificity2,specificity3,specificity4,specificity5
0,0.9017857142857143,0.8827751196172249,0.87409200968523,0.8682080924855491,0.8830694275274056
1,0.8680641183723797,0.8657243816254417,0.8600237247924081,0.8534278959810875,0.8594132029339854
2,0.8791866028708134,0.8706586826347306,0.8658823529411764,0.833710407239819,0.863905325443787
3,0.8802469135802469,0.8748495788206979,0.8485207100591716,0.8628640776699029,0.8703030303030304
4,0.8633686690223793,0.8681318681318682,0.8756218905472637,0.8596908442330559,0.8707317073170732
