,auc1,auc2,auc3,auc4,auc5
0,0.9415105198124545,0.9386640487031488,0.9333350259821596,0.9442483792887489,0.9417630065956882
1,0.9382585938106222,0.9433700858499284,0.9395184785445722,0.9378804873059206,0.9267192911913882
2,0.9432188626281007,0.9385991268346698,0.937455125085518,0.9334983742761825,0.9365692642982585
3,0.9402078903517375,0.9506927091637403,0.9366395810023154,0.9381859894827291,0.941362052885477
4,0.9300648892650586,0.9305303992100437,0.935460572718296,0.9302905910565665,0.9300564254478771
