,sensitivity1,sensitivity2,sensitivity3,sensitivity4,sensitivity5
0,0.7834254143646409,0.8131868131868132,0.7987878787878788,0.7870036101083032,0.8355614973262032
1,0.806060606060606,0.8181818181818182,0.7972350230414746,0.8107784431137725,0.7862857142857143
2,0.7850467289719626,0.8018648018648019,0.7985611510791367,0.8145780051150895,0.7858796296296297
3,0.818069306930693,0.8274173806609547,0.8069767441860465,0.8377693282636248,0.8071253071253072
4,0.7995310668229777,0.8178294573643411,0.8047619047619048,0.7932285368802902,0.769656699889258
