,auc1,auc2,auc3,auc4,auc5
0,0.8794114660031483,0.8765819213821042,0.8799390082206311,0.869162477360822,0.8721909082189385
1,0.8766483962217566,0.8805818325467873,0.8846690509949986,0.863472513209038,0.8602938790482438
2,0.8734389877488837,0.8592525196955912,0.8746506986027944,0.8671914122285463,0.8709591417870972
3,0.8855841148857337,0.8765441156758693,0.8848983899573749,0.8738844624043547,0.8921789262337757
4,0.8722951050923968,0.8594033008887008,0.8799478064607138,0.874577514459021,0.8769516151784456
