,AUC1,AUC2
0,0.6243335195247042,0.688463751925388
1,0.6870886504560557,0.7042318300778081
