,sensitivity1,sensitivity2,sensitivity3,sensitivity4,sensitivity5
0,0.8195488721804511,0.7959667852906287,0.7922077922077922,0.7899761336515513,0.7734553775743707
1,0.7962308598351001,0.8200238379022646,0.8224414303329223,0.7897196261682243,0.8058748403575989
2,0.7850574712643679,0.7792207792207793,0.8075060532687651,0.7850574712643679,0.8033980582524272
3,0.8122119815668203,0.7865168539325843,0.8127962085308057,0.8030127462340672,0.8137142857142857
4,0.7766439909297053,0.7843137254901961,0.8104738154613467,0.7952662721893491,0.8364312267657993
