,specificity1,specificity2,specificity3,specificity4,specificity5
0,0.783410138248848,0.8031400966183575,0.8066037735849056,0.8069963811821471,0.805952380952381
1,0.7519125683060109,0.7895377128953771,0.7838150289017342,0.7516703786191536,0.7729918509895227
2,0.8059880239520958,0.7838785046728972,0.8031980319803198,0.7976470588235294,0.8007159904534606
3,0.7796420581655481,0.7897862232779097,0.7884615384615384,0.7842424242424243,0.8019441069258809
4,0.8149038461538461,0.7881656804733728,0.7712418300653595,0.7759381898454746,0.7936145952109465
