,AUC1,AUC2,AUC3,AUC4,AUC5
0,0.873020306143751,0.8846431614166343,0.8687957367818231,0.8838814694448678,0.8700652234014343
1,0.868514873835171,0.8785135335322626,0.8670772226102047,0.8741512002765257,0.8744150283227166
2,0.8744842470535961,0.8731314755647714,0.8572113723083867,0.8622232566668784,0.8760514307074897
3,0.8750442687646651,0.8735796957695287,0.8718893697115581,0.8733285454871258,0.8912533386761559
4,0.8711595429538721,0.8759373677528566,0.8698434193821414,0.8647143461701228,0.8758470870362534
