,AUC1,AUC2,AUC3,AUC4,AUC5
0,0.7850574712643679,0.7856315179606026,0.7990373044524669,0.7836593785960875,0.8017135862913096
1,0.808284023668639,0.8095238095238095,0.7816492450638792,0.7820069204152249,0.7974683544303798
2,0.78125,0.8125741399762753,0.8071065989847716,0.8263795423956931,0.7972665148063781
3,0.8043230944254836,0.8011111111111111,0.8101415094339622,0.8098591549295775,0.7928653624856157
4,0.8142493638676844,0.7919799498746867,0.7968176254589964,0.8091787439613527,0.8051282051282052
