,specificity1,specificity2,specificity3,specificity4,specificity5
0,0.834403080872914,0.8011560693641618,0.7916181606519208,0.7842907385697538,0.7724358974358975
1,0.7788125727590222,0.7983490566037735,0.8002450980392157,0.790341578327444,0.7935723114956736
2,0.7862318840579711,0.8050847457627118,0.7847058823529411,0.7649667405764967,0.7926829268292683
3,0.776255707762557,0.7912341407151096,0.8021844660194175,0.7810055865921788,0.7701149425287356
4,0.8170878459687124,0.7791208791208791,0.8127962085308057,0.7922987164527421,0.8220230473751601
