,AUC1,AUC2,AUC3,AUC4,AUC5
0,0.8095823095823096,0.805115712545676,0.7960140679953107,0.807361963190184,0.7889273356401384
1,0.7949940405244339,0.7508269018743109,0.778857837181045,0.7833537331701347,0.8012269938650307
2,0.8109137055837563,0.8049940546967895,0.7622767857142857,0.7502656748140276,0.815136476426799
3,0.8136645962732919,0.826530612244898,0.7966507177033493,0.7992788461538461,0.7938650306748466
4,0.7839643652561247,0.7720090293453724,0.7889273356401384,0.8084112149532711,0.7721238938053098
