,sensitivity1,sensitivity2,sensitivity3,sensitivity4,sensitivity5
0,0.7965686274509803,0.7885514018691588,0.80622009569378,0.7929824561403509,0.7997630331753555
1,0.8166449934980494,0.7911832946635731,0.8156288156288156,0.8040712468193384,0.8
2,0.8091872791519434,0.8019323671497585,0.7910447761194029,0.8117505995203836,0.806146572104019
3,0.8354430379746836,0.8076009501187649,0.8375,0.7904540162980209,0.8060394889663183
4,0.7981220657276995,0.7806912991656734,0.814621409921671,0.8110539845758354,0.8091697645600991
