,auc1,auc2,auc3,auc4,auc5
0,0.8646360522915645,0.8727917985522211,0.8808995864294702,0.8810124296845465,0.8794551927644905
1,0.8647295762526542,0.8599778497308812,0.8734105065639572,0.8634132577120323,0.8641327887470989
2,0.877453573418534,0.8699773597680963,0.8656298710000494,0.878123611434375,0.8747198183139021
3,0.8842056102458027,0.8819664220538168,0.8920956797918558,0.8708396179693794,0.8775120319327706
4,0.870039497813514,0.8616730145295528,0.8717576527013684,0.8689293271265341,0.8703695866835943
