,AUC1,AUC2,AUC3,AUC4,AUC5
0,0.8755479950574654,0.8796569000829397,0.8716295130249327,0.8741332227469433,0.870317710184668
1,0.8696111005297724,0.8709570468188967,0.8575780021021593,0.864778955833492,0.878059241388554
2,0.8779853720121594,0.8730496603965214,0.8628580295239909,0.8690477701840136,0.8782477447930992
3,0.881816860649689,0.8827565577737362,0.8802196577301376,0.8825830101066825,0.8752079397352199
4,0.8747510227112427,0.8610636196924814,0.8634306672309212,0.879044999294682,0.864466074199464
