,time1,time2,time3,time4,time5
0,0.377528470993042,0.3753439674377441,0.37335552215576173,0.37253996849060056,0.3728861846923828
1,0.3711379051208496,0.3720834159851074,0.37102406883239747,0.37427329254150393,0.37358636474609375
2,0.37705301475524905,0.37248222160339356,0.3714533157348633,0.3733351993560791,0.3723411998748779
3,0.3737138156890869,0.3751284866333008,0.3719879951477051,0.37277955818176267,0.371828426361084
4,0.3733144626617432,0.37632844924926756,0.37514217376708986,0.383785400390625,0.3799494323730469
