,specificity1,specificity2,specificity3,specificity4,specificity5
0,0.7923250564334086,0.8014268727705113,0.8004778972520908,0.7919621749408984,0.8
1,0.7856287425149701,0.8023668639053254,0.7846506300114547,0.783816425120773,0.7513873473917869
2,0.7960687960687961,0.7741935483870968,0.7878787878787878,0.7960687960687961,0.7825581395348837
3,0.8137254901960784,0.8022670025188917,0.7964285714285714,0.8002436053593179,0.8207663782447466
4,0.814214463840399,0.7764976958525346,0.7913832199546486,0.8069129916567342,0.8187001140250855
