,sensitivity1,sensitivity2,sensitivity3,sensitivity4,sensitivity5
0,0.8455555555555555,0.8726415094339622,0.8554778554778555,0.884004884004884,0.8597914252607184
1,0.856815578465063,0.8874251497005988,0.8763376932223543,0.8723150357995226,0.8545034642032333
2,0.8820754716981132,0.872791519434629,0.8812949640287769,0.8775,0.8748510131108462
3,0.8695652173913043,0.8827667057444314,0.8688915375446961,0.8651162790697674,0.8731082654249127
4,0.859880239520958,0.8393063583815029,0.8340909090909091,0.8493475682087782,0.8425925925925926
