,time1,time2,time3,time4,time5
0,0.3776879386901855,0.3759845886230469,0.37622650718688966,0.37810280418396,0.37700710105895996
1,0.37745314598083496,0.37546266555786134,0.37412089920043945,0.37546156120300295,0.37635346031188965
2,0.3793371124267578,0.37609503173828124,0.37672637748718263,0.37678334236145017,0.3762646427154541
3,0.37350920867919923,0.37526359939575193,0.37671376037597654,0.37859305953979494,0.3778363552093506
4,0.37501589012145997,0.3737570915222168,0.37641201400756835,0.37561711311340334,0.3758915557861328
