,specificity1,specificity2,specificity3,specificity4,specificity5
0,0.8059125964010283,0.807556080283353,0.7992957746478874,0.7784222737819025,0.7997601918465228
1,0.7725225225225225,0.7916152897657214,0.7670915411355735,0.7622857142857142,0.7845968712394705
2,0.7651162790697674,0.7955112219451371,0.7913669064748201,0.7909535452322738,0.7740046838407494
3,0.7881944444444444,0.7908101571946796,0.7721088435374149,0.7915106117353309,0.8055555555555556
4,0.7766439909297053,0.7897196261682243,0.7776548672566371,0.7668161434977578,0.7902665121668598
