,time1,time2,time3,time4,time5
0,0.12205007171630859,0.12222956848144531,0.12111224365234376,0.12142794799804688,0.12085465621948242
1,0.12067242813110352,0.12047504043579102,0.1206722354888916,0.12025453186035157,0.12033591651916505
2,0.12244242477416992,0.12260158348083496,0.12225784301757812,0.1218094539642334,0.1209466724395752
3,0.12023735046386719,0.1201642780303955,0.11943749046325683,0.12235938262939453,0.1227010326385498
4,0.12286774826049805,0.12193347549438477,0.12192828750610352,0.12111905670166015,0.1209805965423584
