,specificity1,specificity2,specificity3,specificity4,specificity5
0,0.8673218673218673,0.8523644752018454,0.8790123456790123,0.8753056234718827,0.8663484486873508
1,0.8464285714285714,0.8919597989949749,0.83115338882283,0.8496894409937888,0.87
2,0.8447653429602888,0.863855421686747,0.8381294964028777,0.8715486194477791,0.8576874205844981
3,0.8535108958837773,0.8597339782345829,0.8772845953002611,0.8796992481203008,0.8277404921700223
4,0.8748495788206979,0.8476190476190476,0.847255369928401,0.8609431680773881,0.8645083932853717
