,sensitivity1,sensitivity2,sensitivity3,sensitivity4,sensitivity5
0,0.8390804597701149,0.8690330477356181,0.8466819221967964,0.8498845265588915,0.8581560283687943
1,0.8601895734597157,0.865990990990991,0.8457888493475683,0.8350398179749715,0.8495475113122172
2,0.8440797186400938,0.8618266978922716,0.84,0.8719153936545241,0.8216276477146043
3,0.8578088578088578,0.8646441073512252,0.8311546840958606,0.8589164785553047,0.889873417721519
4,0.8558030480656507,0.8364928909952607,0.83451536643026,0.838973162193699,0.8482352941176471
