,specificity1,specificity2,specificity3,specificity4,specificity5
0,0.8362989323843416,0.8558558558558559,0.8634020618556701,0.8734939759036144,0.8737623762376238
1,0.8806532663316583,0.9,0.8745198463508322,0.8569636135508155,0.8381642512077294
2,0.8226544622425629,0.8659420289855072,0.8311057108140948,0.8533969010727056,0.8614232209737828
3,0.8606770833333334,0.8531211750305998,0.8704663212435233,0.8893129770992366,0.8923076923076924
4,0.8583535108958837,0.850835322195704,0.8547815820543093,0.8600478468899522,0.8829516539440203
