,auc1,auc2,auc3,auc4,auc5
0,0.9255192200274209,0.9375497215592681,0.9358218092159086,0.9328568526887725,0.934510006375644
1,0.9275714416721337,0.943080862590735,0.9197483052222434,0.9205863472513208,0.9304989453932379
2,0.9170577572769654,0.9376441463363027,0.9170182602991895,0.9359528293236847,0.9155469978770374
3,0.9286704978842705,0.9402473971377334,0.9204996479663177,0.9387800022293115,0.9300490025242015
4,0.9297235153054028,0.9149710819579631,0.9202525038792495,0.925195373113274,0.9266694879390605
