,time1,time2,time3,time4,time5
0,0.12337461471557618,0.12298362731933593,0.12219420433044434,0.12152666664123535,0.12177753639221191
1,0.12280534553527832,0.12246083831787109,0.12241827774047852,0.12172339630126953,0.12324021339416504
2,0.1225849609375,0.12221814918518066,0.1217957592010498,0.12180538749694825,0.12390362548828125
3,0.12246651458740235,0.12213596916198731,0.1224112205505371,0.12181097412109375,0.1214984073638916
4,0.12392814636230469,0.1252089614868164,0.12246886825561523,0.12195413589477538,0.12225808906555176
