,specificity1,specificity2,specificity3,specificity4,specificity5
0,0.8716577540106952,0.7740174672489083,0.7810055865921788,0.8368098159509203,0.8087071240105541
1,0.8533163265306123,0.7962747380675204,0.8109684947491248,0.8309352517985612,0.8044554455445545
2,0.8268090154211151,0.8068043742405833,0.8168674698795181,0.8212226066897347,0.7976047904191617
3,0.766248574686431,0.7749712973593571,0.7922077922077922,0.8412291933418694,0.8040201005025126
4,0.7873090481786134,0.7776497695852534,0.8232445520581114,0.8015607580824972,0.8250303766707169
