,auc1,auc2,auc3,auc4,auc5
0,0.9091710534482077,0.8942729226967281,0.9073246556870179,0.9076899857253283,0.9014328272313342
1,0.903056596053866,0.8962563223499036,0.903842436811772,0.9012394274790313,0.8932596872156265
2,0.9092740314424154,0.8999076052841314,0.8793381435009839,0.8886396817672076,0.8918502218178485
3,0.8959066736838244,0.8977903008018467,0.9040775236017773,0.9071392995164652,0.902164266394258
4,0.8990591056566511,0.89499083086472,0.8997221046692057,0.8929482296515729,0.8920186203977993
