,auc1,auc2,auc3,auc4,auc5
0,0.9131078725096904,0.875873829956499,0.8817430897611673,0.9009504223158822,0.860122322088503
1,0.9017938896295825,0.8948327795766055,0.9028252174465112,0.897993072750231,0.8683737893184913
2,0.9010699449158219,0.8802437527771311,0.893651566125699,0.8972556653477496,0.8824767426278186
3,0.8616119615260343,0.8774146759244235,0.8812863409520288,0.902016115946773,0.8797554529946848
4,0.8579531668782621,0.8592283820002822,0.8901805614332063,0.8914191000141064,0.8849118352376922
