,sensitivity1,sensitivity2,sensitivity3,sensitivity4,sensitivity5
0,0.7927350427350427,0.8216145833333334,0.8136882129277566,0.8112773302646721,0.7483801295896328
1,0.8222222222222222,0.8242424242424242,0.837968561064087,0.84,0.795662100456621
2,0.835909631391201,0.8013937282229965,0.8161592505854801,0.8494492044063647,0.800942285041225
3,0.8079306071871127,0.8130381303813038,0.8136200716845878,0.8117386489479512,0.7894144144144144
4,0.7839135654261705,0.7855392156862745,0.8018648018648019,0.8335451080050826,0.8013937282229965
