,sensitivity1,sensitivity2,sensitivity3,sensitivity4,sensitivity5
0,0.8323424494649228,0.8919597989949749,0.8061674008810573,0.8583138173302107,0.8401826484018264
1,0.8558558558558559,0.8273305084745762,0.8383167220376523,0.8354002254791432,0.8422897196261683
2,0.8567901234567902,0.8621495327102804,0.8246225319396051,0.8591715976331361,0.8357870894677236
3,0.8187772925764192,0.8500576701268743,0.8300438596491229,0.8574610244988864,0.8550884955752213
4,0.8356643356643356,0.8380614657210402,0.8494623655913979,0.8455188679245284,0.8262806236080178
