,auc1,auc2,auc3,auc4,auc5
0,0.9133236852350244,0.9465165287157873,0.9175256859459368,0.9323236683085361,0.9334464586965475
1,0.9382825781784576,0.9338511135095479,0.9297511974548354,0.9259278070528149,0.9145648600794305
2,0.9196053123435108,0.9315630223651636,0.9048828138775452,0.9282100110732598,0.9285866429684799
3,0.9190830474970335,0.9321880127945548,0.9276165132721637,0.9408287112745313,0.9418516548404983
4,0.9170461278036394,0.9188489208633095,0.9267019325715897,0.9317336718860205,0.932259133869375
