,time1,time2,time3,time4,time5
0,0.11730628776550293,0.11751544761657715,0.11647159957885742,0.11598177909851075,0.11647611045837403
1,0.11864730262756348,0.11718429183959961,0.11697564697265625,0.1173979778289795,0.11715664482116699
2,0.11988650321960449,0.11895529174804688,0.11723935699462891,0.11673331451416015,0.11675519752502442
3,0.11706957817077637,0.11911430549621582,0.1216743049621582,0.1169608097076416,0.11698448181152343
4,0.11657973098754883,0.1165079689025879,0.11720471572875976,0.12620122718811036,0.11863264465332031
