,AUC1,AUC2,AUC3,AUC4,AUC5
0,0.7633333333333332,0.77,0.7383333333333333,0.765,0.7100000000000001
