,AUC1,AUC2,AUC3,AUC4,AUC5
0,0.8168144913308168,0.8233057995790947,0.8448786088683514,0.8329101711267963,0.8505828354124703
1,0.8038784133635255,0.8174507438681142,0.7870301003816337,0.8437192700287108,0.8273661637003648
2,0.8189275159927495,0.8268664085257047,0.7897759251814392,0.819754131313345,0.8026660459998731
3,0.8222716684139013,0.8377978353103187,0.818635633145629,0.8401103932477259,0.8336044721681748
4,0.8162561715333614,0.814765129073212,0.8489194526731556,0.8322732402313444,0.8265086754126112
