,AUC1,AUC2,AUC3,AUC4,AUC5,AUC6,AUC7,AUC8,AUC9,AUC10,AUC11,AUC12,AUC13,AUC14,AUC15,AUC16,AUC17,AUC18,AUC19,AUC20,AUC21,AUC22,AUC23,AUC24,AUC25,AUC26,AUC27,AUC28,AUC29,AUC30,AUC31,AUC32,AUC33,AUC34,AUC35,AUC36,AUC37,AUC38,AUC39,AUC40,AUC41,AUC42,AUC43,AUC44,AUC45,AUC46,AUC47,AUC48,AUC49,AUC50
0,0.7797444444444444,0.7744111111111112,0.7747,0.7431111111111111,0.7570777777777777,0.7625333333333333,0.7717333333333335,0.8007222222222223,0.7803,0.7951222222222223,0.7968222222222222,0.7448888888888888,0.7601666666666667,0.7756888888888889,0.7313555555555556,0.7590888888888889,0.7689444444444445,0.7385222222222223,0.7928555555555556,0.7856777777777777,0.7695666666666666,0.7645444444444445,0.7597222222222223,0.7642,0.7665666666666667,0.7608111111111111,0.7781111111111111,0.8053111111111111,0.7702,0.8015111111111111,0.7543555555555554,0.7639333333333335,0.7078888888888889,0.7372888888888889,0.6968555555555556,0.7820333333333334,0.7898222222222222,0.7776333333333334,0.7187333333333332,0.7871777777777778,0.7834666666666668,0.7623333333333333,0.7637222222222222,0.7591888888888889,0.7684555555555556,0.7892222222222224,0.7448666666666667,0.7653888888888889,0.7843444444444444,0.7582111111111111
