,AUC1,AUC2,AUC3,AUC4,AUC5,AUC6,AUC7,AUC8,AUC9,AUC10,AUC11,AUC12,AUC13,AUC14,AUC15
0,0.7495222222222222,0.7635222222222223,0.7699444444444444,0.733511111111111,0.7742222222222221,0.7555777777777778,0.7806444444444444,0.7688777777777777,0.7613222222222221,0.7889333333333335,0.7572777777777778,0.7620333333333333,0.730088888888889,0.7582666666666669,0.7812333333333332
