,AUC1,AUC2,AUC3,AUC4,AUC5,AUC6,AUC7,AUC8,AUC9,AUC10,AUC11,AUC12,AUC13,AUC14,AUC15,AUC16,AUC17,AUC18,AUC19,AUC20,AUC21,AUC22,AUC23,AUC24,AUC25
0,0.839046023121583,0.833147141962457,0.8216554669736004,0.8277631081546178,0.8159046925867623,0.8371941111322739,0.7943114722874738,0.8327358404051947,0.8044667357980797,0.8198047390289154,0.8152980258564144,0.8197174555482676,0.8104920900248971,0.7657208551095688,0.7912387239654967,0.8137071615926313,0.8422578692579356,0.8549734105220682,0.8161043769286014,0.8408299811355097,0.8267922132881931,0.8338778389053463,0.8089617717590634,0.8213386937508816,0.828088587953167
