,AUC1,AUC2,AUC3,AUC4,AUC5
0,0.7673830594184576,0.7682038834951457,0.779126213592233,0.7780713342140027,0.7706093189964157
1,0.7611428571428571,0.7896774193548387,0.7896070975918885,0.7961538461538461,0.7660818713450293
2,0.7869047619047619,0.7822966507177034,0.7378752886836027,0.7638888888888888,0.7465116279069768
3,0.7565947242206235,0.79625,0.797011207970112,0.7931034482758621,0.8204134366925064
4,0.8049738219895288,0.781578947368421,0.7521902377972466,0.7698695136417556,0.7677664974619289
