,sensitivity1,sensitivity2,sensitivity3,sensitivity4,sensitivity5
0,0.7591069330199764,0.7549361207897793,0.7517985611510791,0.764404609475032,0.7727272727272727
1,0.7381516587677726,0.7592371871275327,0.7086021505376344,0.7437357630979499,0.7699530516431925
2,0.7828162291169452,0.7776456599286563,0.7783191230207065,0.7769784172661871,0.7693236714975845
3,0.7525655644241733,0.7635960044395117,0.775483870967742,0.7550295857988165,0.8164794007490637
4,0.7914507772020726,0.7563329312424608,0.7539863325740319,0.7830423940149626,0.7522935779816514
