,AUC1,AUC2,AUC3,AUC4,AUC5
0,0.7672955974842768,0.7716346153846154,0.7699757869249395,0.7958937198067633,0.8028350515463918
1,0.770663562281723,0.793854033290653,0.7688679245283019,0.7804878048780488,0.777509068923821
2,0.7894736842105263,0.7688504326328801,0.7488317757009346,0.7506053268765133,0.8120978120978121
3,0.8,0.8070175438596491,0.787621359223301,0.7399553571428571,0.7718865598027127
4,0.7473309608540926,0.7521367521367521,0.7948717948717948,0.7174163783160323,0.7622549019607843
