,auc1,auc2,auc3,auc4,auc5
0,0.8470875155864747,0.850204810507964,0.8435879641384134,0.8580319007882101,0.8045822824805204
1,0.8476033267729033,0.8366213079945541,0.8369853060475879,0.8516482198661108,0.8527317489542111
2,0.8425918481059083,0.8334793310904692,0.8554735052862472,0.8469181777787183,0.8351819329538802
3,0.8584217885568595,0.8542397130678572,0.8475179156219709,0.8487228725948481,0.8330175142048061
4,0.8332275356185641,0.8496473409507688,0.8472259839187474,0.8401156721681479,0.7950444350402031
