,AUC1,AUC2,AUC3,AUC4,AUC5
0,0.7413213885778276,0.7616279069767442,0.772093023255814,0.7313915857605178,0.7721369539551358
1,0.7663782447466008,0.7326732673267327,0.740782122905028,0.7411504424778761,0.758745476477684
2,0.7772511848341233,0.7700471698113207,0.7432762836185819,0.7695121951219512,0.7487864077669902
3,0.7341176470588235,0.751131221719457,0.753688989784336,0.7746144721233689,0.756043956043956
4,0.7619565217391304,0.7402597402597403,0.7367231638418079,0.7800237812128419,0.7444196428571429
