,sensitivity1,sensitivity2,sensitivity3,sensitivity4,sensitivity5
0,0.7424942263279446,0.7838874680306905,0.7812113720642769,0.7839506172839507,0.7542787286063569
1,0.7819025522041764,0.788235294117647,0.7633136094674556,0.7419354838709677,0.7704918032786885
2,0.726027397260274,0.7626076260762608,0.7532621589561092,0.7590643274853801,0.7585034013605442
3,0.8030495552731893,0.7892156862745098,0.7823303457106274,0.7929824561403509,0.7757575757575758
4,0.7517564402810304,0.8105263157894737,0.788860103626943,0.7798816568047338,0.7949367088607595
