,AUC1,AUC2,AUC3,AUC4,AUC5
0,0.8299917624423794,0.8509255967997653,0.8427924191901238,0.8612789654530375,0.8526831304975824
1,0.8399212748396928,0.8416961180595235,0.8325129268688408,0.8341452747268251,0.8450609837823347
2,0.8506478209658421,0.8364599423062002,0.819541129754625,0.8175817975356707,0.8423026738043349
3,0.8556464368406422,0.8468060879957219,0.8532351119382452,0.8346796211299223,0.8357321947853864
4,0.8297587812103258,0.829832134292566,0.8495034560586825,0.8007673860911271,0.8335265904923121
