,auc1,auc2,auc3,auc4,auc5
0,0.8254963692682677,0.8388915689161971,0.8328734970688965,0.814612637316136,0.8069576329998815
1,0.8113431951410494,0.8180235470058339,0.8032957343096382,0.827844440211909,0.8462277527352761
2,0.8454835911216436,0.8350860117221387,0.8368083620744378,0.8043333827045556,0.8271414767637869
3,0.8330034046383789,0.8440018116683292,0.8182899487681643,0.8189530983902396,0.8594856498654653
4,0.8433812949640288,0.8309676964310904,0.847130765975455,0.8471998871491042,0.838668359430103
