,specificity1,specificity2,specificity3,specificity4,specificity5
0,0.7616136919315404,0.7505543237250555,0.7645714285714286,0.7677345537757437,0.7448036951501155
1,0.7798053527980535,0.7781774580335732,0.7497020262216925,0.7811671087533156,0.7261503928170595
2,0.7363861386138614,0.7370838117106774,0.7455410225921522,0.758745476477684,0.7755610972568578
3,0.7491638795986622,0.7546082949308756,0.7275747508305648,0.7840772014475271,0.7473806752037253
4,0.7686746987951807,0.7640692640692641,0.7532894736842105,0.7914183551847438,0.7695749440715883
