,AUC1,AUC2,AUC3,AUC4,AUC5
0,0.7435320584926884,0.7699530516431925,0.7645687645687645,0.7908878504672897,0.763215859030837
1,0.7660606060606061,0.7397563676633444,0.757177033492823,0.7511574074074074,0.7526254375729288
2,0.777122641509434,0.7405714285714285,0.748792270531401,0.7331002331002331,0.7596471885336273
3,0.7640966628308401,0.7595936794582393,0.7581395348837209,0.7538071065989848,0.7353951890034365
4,0.7574316290130797,0.7479768786127168,0.7632743362831859,0.7405140758873929,0.7557603686635944
