,specificity1,specificity2,specificity3,specificity4,specificity5
0,0.7708578143360753,0.7695749440715883,0.7753882915173238,0.7797202797202797,0.6959247648902821
1,0.7595375722543353,0.757177033492823,0.7511415525114156,0.7477578475336323,0.7483660130718954
2,0.7733812949640287,0.7437641723356009,0.7797408716136631,0.7772337821297429,0.7486095661846496
3,0.7558790593505039,0.78125,0.775990099009901,0.7633209417596035,0.7256438969764838
4,0.7617924528301887,0.7805164319248826,0.7530186608122942,0.7402597402597403,0.7277970011534025
