,auc1,auc2,auc3,auc4,auc5
0,0.8242607356251799,0.8396031866935234,0.8384084587304006,0.8598176452997964,0.8288012661013219
1,0.8493739374572338,0.85722529081046,0.8411176715411366,0.8373464824102879,0.820846648184595
2,0.8086625335900637,0.8308922790461479,0.8176057778436062,0.8393911822997115,0.8440997862931381
3,0.8455312886690305,0.8472766420360669,0.829075301345065,0.857301488982545,0.8354119076274906
4,0.8377458033573142,0.8580286359147976,0.8301227253491325,0.8590435886584851,0.8573268444068275
