,AUC1,AUC2,AUC3,AUC4,AUC5,AUC6,AUC7,AUC8,AUC9,AUC10,AUC11,AUC12,AUC13,AUC14,AUC15
0,0.7765333333333335,0.7175999999999999,0.6861555555555555,0.7607777777777778,0.7934444444444444,0.7636,0.7543666666666667,0.7465444444444443,0.7478333333333333,0.7548222222222223,0.7326555555555556,0.7552222222222222,0.7747333333333333,0.7378555555555556,0.7508666666666668
