,sensitivity1,sensitivity2,sensitivity3,sensitivity4,sensitivity5
0,0.7503015681544029,0.7361282367447596,0.795483061480552,0.7765432098765432,0.7555555555555555
1,0.776500638569604,0.7686139747995419,0.7801507537688442,0.7390243902439024,0.7945041816009558
2,0.744578313253012,0.7690447400241838,0.7476525821596244,0.7622549019607843,0.7740324594257179
3,0.7800237812128419,0.750285062713797,0.7793939393939394,0.7673325499412456,0.7833537331701347
4,0.760545905707196,0.7172653534183082,0.7393548387096774,0.7443609022556391,0.7764550264550265
