,sensitivity1,sensitivity2,sensitivity3,sensitivity4,sensitivity5
0,0.7572815533980582,0.7587006960556845,0.780905752753978,0.7586206896551724,0.7970297029702971
1,0.8039457459926017,0.7590361445783133,0.7967171717171717,0.7851662404092071,0.7829949238578681
2,0.7681874229346486,0.7296996662958843,0.7561576354679803,0.7680608365019012,0.7595693779904307
3,0.7929736511919699,0.7839506172839507,0.7720763723150358,0.7810304449648712,0.7949685534591195
4,0.7397260273972602,0.7829360100376411,0.747239263803681,0.7275985663082437,0.7401668653158522
