,sensitivity1,sensitivity2,sensitivity3,sensitivity4,sensitivity5
0,0.7624242424242424,0.7691342534504392,0.7582417582417582,0.7646326276463262,0.7463235294117647
1,0.7688679245283019,0.7657213316892725,0.772093023255814,0.7792682926829269,0.7618469015795869
2,0.7580275229357798,0.7464008859357697,0.7750611246943765,0.7608426270136307,0.763938315539739
3,0.7924757281553398,0.7680826636050516,0.7890243902439025,0.8108108108108109,0.7435320584926884
4,0.7804878048780488,0.7378048780487805,0.7422802850356295,0.7681528662420383,0.758364312267658
