,sensitivity1,sensitivity2,sensitivity3,sensitivity4,sensitivity5
0,0.781491002570694,0.773109243697479,0.7746305418719212,0.7440476190476191,0.7717791411042945
1,0.7444876783398184,0.7310924369747899,0.756857855361596,0.7824519230769231,0.7681498829039812
2,0.7708592777085927,0.7619631901840491,0.7430972388955582,0.7861557478368356,0.7586618876941458
3,0.786783042394015,0.8020176544766708,0.7668639053254438,0.7772511848341233,0.7200447928331467
4,0.7600950118764845,0.7846715328467153,0.7617328519855595,0.7518703241895262,0.7508896797153025
