,specificity1,specificity2,specificity3,specificity4,specificity5
0,0.7542168674698795,0.74235807860262,0.7485714285714286,0.7674943566591422,0.7364705882352941
1,0.7424242424242424,0.733890214797136,0.7714631197097944,0.7655677655677655,0.7558962264150944
2,0.7062857142857143,0.7592814371257485,0.7628128724672228,0.754320987654321,0.7208520179372198
3,0.7436194895591647,0.7380116959064328,0.7511467889908257,0.7471526195899773,0.7777777777777778
4,0.7250821467688937,0.740499457111835,0.7432905484247374,0.7485448195576252,0.7683823529411765
