,AUC1,AUC2,AUC3,AUC4,AUC5,AUC6,AUC7,AUC8,AUC9,AUC10,AUC11,AUC12,AUC13,AUC14,AUC15,AUC16,AUC17,AUC18,AUC19,AUC20,AUC21,AUC22,AUC23,AUC24,AUC25,AUC26,AUC27,AUC28,AUC29,AUC30,AUC31,AUC32,AUC33,AUC34,AUC35,AUC36,AUC37,AUC38,AUC39,AUC40,AUC41,AUC42,AUC43,AUC44,AUC45,AUC46,AUC47,AUC48,AUC49,AUC50
0,0.7751333333333333,0.7275666666666668,0.7927222222222223,0.7778666666666667,0.7806111111111111,0.7862666666666667,0.7541444444444443,0.7877666666666666,0.7969555555555556,0.7720999999999999,0.7790888888888889,0.7922666666666667,0.7863444444444444,0.7780333333333334,0.7509111111111112,0.7892111111111113,0.7737111111111111,0.7521777777777777,0.7795444444444445,0.7827444444444444,0.7709888888888891,0.7494999999999999,0.8005777777777777,0.7795777777777779,0.7758555555555555,0.7984333333333334,0.7801111111111111,0.7837222222222222,0.7932555555555556,0.7551555555555555,0.7700444444444444,0.7163777777777778,0.7650333333333333,0.7757555555555556,0.7704333333333332,0.7664666666666666,0.7756555555555557,0.7558,0.7537111111111111,0.7749777777777778,0.7727222222222222,0.7770666666666667,0.7912444444444445,0.7973222222222223,0.7701333333333333,0.8003666666666667,0.7906,0.7654777777777777,0.7785555555555557,0.7712444444444445
