,auc1,auc2,auc3,auc4,auc5
0,0.8427261237777666,0.8332881960313028,0.8488478703656686,0.8510313873513995,0.8389529274361449
1,0.8356732200424666,0.8390888761912824,0.8246629843607813,0.8241945837654046,0.836760981666067
2,0.8277170041542357,0.8264319417701699,0.8252117672781645,0.8377816804553437,0.8231240698814385
3,0.8513938135195044,0.8515264434439194,0.8440991676766764,0.8358408384468754,0.8563011207228614
4,0.8137395965580478,0.7997601918465229,0.8369995768091409,0.8295852729581041,0.8321625052898857
