,time1,time2,time3,time4,time5
0,0.10398955535888672,0.10309965896606445,0.10286543273925781,0.10233586502075195,0.10364030265808105
1,0.10525778770446777,0.1029769344329834,0.10264412879943847,0.10268186378479004,0.10210648155212403
2,0.10304936027526855,0.10407056999206543,0.10396417427062989,0.10276017761230469,0.10246570587158203
3,0.10140675163269043,0.10205610466003417,0.10280349159240723,0.1041483154296875,0.10400053215026855
4,0.1037071533203125,0.10267795753479005,0.10224061393737793,0.10198099517822265,0.10301294136047363
