,auc1,auc2,auc3,auc4,auc5
0,0.8182095160717006,0.8447417864215712,0.8423057826526064,0.8358553800842939,0.8501342834735411
1,0.8536473874674624,0.8156222885319451,0.8454390902870363,0.8289223259193419,0.8343188086823412
2,0.8171825959388642,0.818983940246715,0.8099052777836552,0.830548091096958,0.826554664522545
3,0.8370867131623912,0.8396264351192751,0.8341505123889048,0.8404617214517616,0.8444984684065645
4,0.8230723656369022,0.8405586119339822,0.8239624770771619,0.799511919875864,0.8089716462124418
