,AUC1,AUC2,AUC3,AUC4,AUC5
0,0.8317098010009197,0.8456515851656258,0.8274781789355496,0.8445005839638451,0.8388005890417914
1,0.8043707983267376,0.8451583320988438,0.8310385936695377,0.8423380526104163,0.8187981010024055
2,0.8310742472651871,0.8119393721391139,0.836437372604614,0.8339998448333017,0.8283771679256329
3,0.8483955306537385,0.844539386149203,0.8473514227381307,0.8299416287236909,0.8430127310617872
4,0.8339638877133588,0.7998039215686273,0.834240372407956,0.8194710114261532,0.8300169276343632
