,AUC1,AUC2,AUC3,AUC4,AUC5
0,0.7537128712871287,0.766367137355584,0.7484662576687117,0.7663438256658596,0.7712574850299401
1,0.7611044417767107,0.7857142857142857,0.7514654161781946,0.7847642079806529,0.7612612612612613
2,0.7474167623421355,0.7611940298507462,0.740395809080326,0.7804878048780488,0.7592371871275327
3,0.7426900584795322,0.7790973871733967,0.7933673469387755,0.7754601226993865,0.7779097387173397
4,0.7188612099644128,0.7626699629171817,0.7734668335419274,0.7522349936143039,0.7576499388004896
