,auc1,auc2,auc3,auc4,auc5
0,0.8192582530735681,0.800198322020797,0.855721435140518,0.8403521837990938,0.8298676348617953
1,0.8309158501400262,0.8459864982117538,0.8324748340493373,0.7993834606621097,0.8511628891287325
2,0.8044927812220083,0.8256603400971907,0.8153050788881602,0.8142696938278919,0.8287876543732323
3,0.8462071369008902,0.8304481621584251,0.8421844995125145,0.838431354842897,0.8375382192880594
4,0.822608266328114,0.7937748624629708,0.79067428410213,0.8078022288051911,0.8281153900409085
