,sensitivity1,sensitivity2,sensitivity3,sensitivity4,sensitivity5
0,0.7423887587822015,0.7838541666666666,0.7639060568603214,0.7919799498746867,0.7362110311750599
1,0.7675544794188862,0.7470449172576832,0.7771295215869312,0.7664739884393064,0.7751196172248804
2,0.7317676143386898,0.7632508833922261,0.7692307692307693,0.7437070938215103,0.7575757575757576
3,0.7737226277372263,0.7635705669481303,0.7881773399014779,0.7878411910669976,0.7745995423340961
4,0.7561608300907912,0.7798165137614679,0.7424425634824667,0.7490909090909091,0.7430875576036866
