,AUC1,AUC2,AUC3,AUC4,AUC5,AUC6,AUC7,AUC8,AUC9,AUC10,AUC11,AUC12,AUC13,AUC14,AUC15,AUC16,AUC17,AUC18,AUC19,AUC20,AUC21,AUC22,AUC23,AUC24,AUC25
0,0.8310369730925258,0.8431196646298458,0.835395543819857,0.829592579427546,0.8373759429464502,0.8329178394317114,0.8431732729491601,0.8200537532008549,0.8307056342101736,0.8248492159227985,0.80889810485037,0.8235049335957061,0.8319770353286361,0.8344512388650261,0.789428916019551,0.822637106184364,0.8492548032491509,0.8403728311832708,0.8286449595690375,0.8191097145775806,0.8277542671744957,0.8386471998871491,0.8066455071237129,0.7885047256312597,0.8353590069121174
