,AUC1,AUC2,AUC3,AUC4,AUC5
0,0.7446808510638298,0.7784222737819025,0.7658303464755077,0.7720090293453724,0.752283105022831
1,0.7322540473225405,0.7474972191323693,0.7389830508474576,0.7455830388692579,0.738831615120275
2,0.7488479262672811,0.7390804597701149,0.7549591598599766,0.7375565610859729,0.7417519908987485
3,0.7502903600464577,0.7531718569780853,0.75,0.7404403244495944,0.752
4,0.7639225181598063,0.7152391546162402,0.7617924528301887,0.7511961722488039,0.7429537767756482
