,sensitivity1,sensitivity2,sensitivity3,sensitivity4,sensitivity5
0,0.7706535141800247,0.7671568627450981,0.7623529411764706,0.7849196538936959,0.7909090909090909
1,0.7657864523536165,0.7851662404092071,0.7695167286245354,0.7821656050955414,0.7781774580335732
2,0.7711442786069652,0.774390243902439,0.7456647398843931,0.7907845579078456,0.751486325802616
3,0.7985611510791367,0.7980535279805353,0.7848557692307693,0.7722289890377588,0.8125
4,0.7415458937198067,0.7405475880052151,0.766109785202864,0.7523696682464455,0.751219512195122
