,auc1,auc2,auc3,auc4,auc5
0,0.8105813120285268,0.8513656854945638,0.8322979964680061,0.8431182540891575,0.8124897735800087
1,0.8261091006567485,0.8094907554370445,0.8449213101108219,0.8389068771647655,0.8416340408721845
2,0.7857768561816297,0.8365488105061961,0.8356714133570315,0.8240113412750469,0.8026575823617783
3,0.8300968339543893,0.8215732448757582,0.8413788432695251,0.8441683045521693,0.8416596236414251
4,0.8167766962900269,0.8303836930455635,0.8057300042319087,0.8211623642262661,0.8268796727324024
