,time1,time2,time3,time4,time5
0,0.11682737159729004,0.10581292533874512,0.10500664901733399,0.10415916442871094,0.10353592681884766
1,0.1042708854675293,0.10416981315612793,0.10337688064575196,0.10563669967651367,0.10491972351074219
2,0.10411390495300293,0.10372240447998046,0.10388103103637696,0.1052493839263916,0.10551858520507812
3,0.10496898651123047,0.10424700736999512,0.1034719409942627,0.10276994705200196,0.10283102798461914
4,0.10333359336853028,0.10509011459350585,0.10489011764526367,0.10361027336120605,0.1037608757019043
