,time1,time2,time3,time4,time5
0,0.10140298652648926,0.10305185508728028,0.10267191314697266,0.10286963653564453,0.1025987949371338
1,0.10251105117797851,0.10180982971191406,0.1006799030303955,0.10204374122619629,0.10206121063232422
2,0.10173505401611328,0.10093193817138672,0.10116295623779296,0.10160339164733886,0.10400025939941407
3,0.10462967491149902,0.10377792930603028,0.10291201972961425,0.10262489128112794,0.10265959358215332
4,0.1021800594329834,0.10157969284057618,0.10138193130493164,0.10190757942199707,0.1017695255279541
