,specificity1,specificity2,specificity3,specificity4,specificity5
0,0.7511627906976744,0.7761557177615572,0.7693194925028836,0.7627520759193357,0.7785388127853882
1,0.7674684994272624,0.7365339578454333,0.7488789237668162,0.7328159645232816,0.734375
2,0.7411225658648339,0.7541401273885351,0.7305045871559633,0.7284916201117319,0.7476415094339622
3,0.7463359639233371,0.7459954233409611,0.75177304964539,0.7710843373493976,0.7469066366704162
4,0.7698019801980198,0.7632468996617813,0.7410817031070196,0.7343565525383707,0.7479289940828402
