,time1,time2,time3,time4,time5
0,0.1050795955657959,0.10375749206542968,0.1040395164489746,0.10348079490661621,0.1039840087890625
1,0.10351262855529784,0.10346706199645996,0.10333012008666992,0.10352926063537597,0.1050233383178711
2,0.10388322067260743,0.10308030891418457,0.1111581974029541,0.1026275749206543,0.10283085441589356
3,0.10315834426879883,0.1034250545501709,0.10247258758544922,0.10265482902526855,0.10255756378173828
4,0.10472755622863769,0.10494950675964355,0.10413171005249024,0.10337082481384277,0.10246871376037597
