,specificity1,specificity2,specificity3,specificity4,specificity5
0,0.7473684210526316,0.7239404352806414,0.770011273957159,0.7608695652173914,0.7683956574185766
1,0.7258601553829079,0.7731196054254007,0.7364864864864865,0.7118055555555556,0.7756788665879575
2,0.7295081967213115,0.751458576429405,0.7451923076923077,0.738479262672811,0.7406568516421291
3,0.7615658362989324,0.7534076827757125,0.7508731082654249,0.7551020408163265,0.7497116493656286
4,0.7482915717539863,0.7381242387332522,0.7128712871287128,0.7291196388261851,0.7338362068965517
