,AUC1,AUC2,AUC3,AUC4,AUC5,AUC6,AUC7,AUC8,AUC9,AUC10,AUC11,AUC12,AUC13,AUC14,AUC15
0,0.755077777777778,0.7986555555555557,0.7755333333333333,0.7690111111111112,0.7645333333333334,0.8036222222222222,0.7819,0.7982444444444445,0.8012777777777779,0.785911111111111,0.8013,0.7995000000000001,0.772,0.7891222222222223,0.7934444444444444
