,specificity1,specificity2,specificity3,specificity4,specificity5
0,0.7566938300349243,0.7463359639233371,0.7491329479768786,0.7457434733257662,0.7361751152073732
1,0.757177033492823,0.7319587628865979,0.7682038834951457,0.75,0.735191637630662
2,0.7684729064039408,0.7759282970550576,0.7517321016166282,0.7320410490307868,0.7562425683709869
3,0.7627906976744186,0.7687576875768758,0.7569444444444444,0.7497243660418964,0.7534591194968554
4,0.7502762430939226,0.7349537037037037,0.7517814726840855,0.743047830923248,0.7468643101482326
