,auc1,auc2,auc3,auc4,auc5
0,0.8083484261187,0.8132006860869909,0.837122045622528,0.8174605189661301,0.8284415782257655
1,0.8127766138305151,0.848896366368273,0.8351949435309223,0.8198139095224994,0.8230546208706325
2,0.8364768695823901,0.82476037324644,0.8210138027831263,0.8277353420367746,0.8245642989639096
3,0.8472582995997114,0.8338584443638631,0.8474642992695478,0.8483659005642417,0.8441965236850236
4,0.8201749188884188,0.8352757793764989,0.8329115531104527,0.8287812103258569,0.760112850895754
