,sensitivity1,sensitivity2,sensitivity3,sensitivity4,sensitivity5
0,0.7186358099878197,0.741267787839586,0.7628607277289837,0.7519280205655527,0.6932870370370371
1,0.7431629013079667,0.7667560321715817,0.730909090909091,0.7085365853658536,0.7526501766784452
2,0.7028714107365793,0.7401668653158522,0.7472118959107806,0.7461340206185567,0.7011627906976744
3,0.7577565632458234,0.7409713574097135,0.7577720207253886,0.7171464330413017,0.7587412587412588
4,0.7418181818181818,0.7543640897755611,0.7203495630461922,0.7345132743362832,0.7562254259501966
