,specificity1,specificity2,specificity3,specificity4,specificity5
0,0.7461368653421634,0.7720329024676851,0.7603211009174312,0.7476303317535545,0.759493670886076
1,0.6922234392113911,0.7109283196239718,0.7188208616780045,0.7605633802816901,0.7602409638554217
2,0.738933030646992,0.7376294591484465,0.7297297297297297,0.7565714285714286,0.7473435655253837
3,0.7437641723356009,0.7519640852974186,0.7508939213349225,0.7607142857142857,0.729456384323641
4,0.7695961995249406,0.7807424593967517,0.7643610785463072,0.7380952380952381,0.760998810939358
