,AUC1,AUC2,AUC3,AUC4,AUC5
0,0.7385844748858448,0.7337016574585635,0.7376294591484465,0.7610722610722611,0.7714958775029447
1,0.7403055229142186,0.71875,0.7424789410348978,0.7596266044340724,0.7751256281407035
2,0.7564575645756457,0.7712177121771218,0.7418181818181818,0.7581018518518519,0.749112426035503
3,0.7322074788902292,0.7612826603325415,0.7388888888888889,0.7410817031070196,0.7600950118764845
4,0.7288941736028538,0.752,0.7559322033898305,0.7280799112097669,0.7520184544405998
