,auc1,auc2,auc3,auc4,auc5
0,0.8342389004553227,0.8590333846770144,0.8468660606983869,0.8151162003419151,0.8328170754413582
1,0.7936060497040752,0.8021684690213672,0.8025649165132372,0.8411670511219747,0.8368865468859119
2,0.8240099306686979,0.8313662427794586,0.8035138204157057,0.8487378599691078,0.8063519603901738
3,0.8450219333210109,0.8365604263346591,0.832328967363162,0.8408158715690826,0.8055165582816806
4,0.8398970235576244,0.8458343913104811,0.8322273945549442,0.818650021159543,0.8357426999576809
