,AUC1,AUC2,AUC3,AUC4,AUC5
0,0.823896816127558,0.8261240598746311,0.8237416566518279,0.8400094224117989,0.8402858883867362
1,0.8214011103351463,0.8248689677551336,0.8177286803659732,0.8493894567540685,0.8414139490261642
2,0.8235317351163397,0.8443438211915393,0.8221380560433903,0.8409188689758293,0.8286550573764132
3,0.8157897335972762,0.8521077575807173,0.8466671087664146,0.8382070127367057,0.8451644399419249
4,0.7973141486810551,0.8395598815065595,0.8276188460995909,0.8136450839328537,0.8212328960361123
