,AUC1,AUC2,AUC3,AUC4,AUC5
0,0.7990148783831819,0.8457743022055215,0.820156062221771,0.833214847915503,0.849957965887484
1,0.8214914044258212,0.8379517349868438,0.8404715044547435,0.8336543006087795,0.8473578397138805
2,0.8372117954902916,0.8304690971414063,0.8150130833738883,0.8263205038685879,0.8170810322817263
3,0.8463778626546585,0.8496258848461846,0.7941738778309081,0.8201806306694002,0.8198476449017198
4,0.8314656510086049,0.8334574693186627,0.8412822683030046,0.8088277613203554,0.8279489349696714
