,AUC1,AUC2
0,0.6047171301703369,0.7026072434085434
1,0.6906580887280526,0.6709641010447308
