,auc1,auc2,auc3,auc4,auc5
0,0.8717254297917477,0.8723799206711916,0.8597372444805543,0.8652581007351737,0.8615314522362713
1,0.8581691462270472,0.8631254452980058,0.8628573847163142,0.8563858379362156,0.8490057068686997
2,0.8595388727844664,0.8559051508290839,0.8587263635273623,0.8678064365967711,0.854397212641854
3,0.8724325880190028,0.8760531027642051,0.87124032965591,0.8712953569649757,0.8814796420120805
4,0.8634856820426012,0.8561489631823953,0.8581591197630133,0.8625885174213571,0.8593045563549161
