,time1,time2,time3,time4,time5
0,0.30445289993286134,0.30557147216796876,0.3068326816558838,0.3047195987701416,0.3051574954986572
1,0.30337278366088866,0.3034445514678955,0.3041872119903564,0.3060214767456055,0.30811051177978516
2,0.30544911193847657,0.3036839637756348,0.30399518775939943,0.3058777904510498,0.30818395233154294
3,0.3066939296722412,0.3062495307922363,0.3061709022521973,0.3045297374725342,0.30415500450134275
4,0.30547946548461913,0.308443603515625,0.3061499366760254,0.30500280380249023,0.30472159576416014
