,sensitivity1,sensitivity2,sensitivity3,sensitivity4,sensitivity5
0,0.7677419354838709,0.7995049504950495,0.8134517766497462,0.8038461538461539,0.7838452787258248
1,0.808695652173913,0.7871046228710462,0.7798165137614679,0.801452784503632,0.8042929292929293
2,0.7941176470588235,0.8014796547472256,0.7767548906789413,0.7666666666666667,0.8095823095823096
3,0.7952941176470588,0.8078291814946619,0.8143203883495146,0.8068043742405833,0.7979334098737084
4,0.7704728950403691,0.7811059907834101,0.7913669064748201,0.7967377666248432,0.7968337730870713
