,AUC1,AUC2,AUC3,AUC4,AUC5
0,0.8630548361798045,0.8754563099127156,0.8736000383667067,0.8551600399465122,0.8561713976201356
1,0.8624411853921091,0.8659372597154325,0.8586601203450929,0.8533398232211006,0.8608723255666306
2,0.8555722477306871,0.8540741837879012,0.8670842061460117,0.8672774592158439,0.8682818109364311
3,0.8642998339304031,0.8672938839262408,0.872599080902843,0.8713475623607563,0.873509147937393
4,0.8632331781633517,0.843528001128509,0.8725828748765694,0.8532811397940471,0.8645676400056426
