,specificity1,specificity2,specificity3,specificity4,specificity5
0,0.7784156142365097,0.7882623705408516,0.8067331670822943,0.8109517601043025,0.7906698564593302
1,0.771889400921659,0.7594501718213058,0.770663562281723,0.761849710982659,0.7713598074608905
2,0.7670588235294118,0.7373068432671082,0.7783075089392133,0.7810650887573964,0.7995283018867925
3,0.7882775119617225,0.7682502896871379,0.7655719139297849,0.7537922987164527,0.7770034843205574
4,0.7790973871733967,0.7760702524698134,0.77,0.7858744394618834,0.7545045045045045
