,sensitivity1,sensitivity2,sensitivity3,sensitivity4,sensitivity5
0,0.7933579335793358,0.8024539877300614,0.7743764172335601,0.7557251908396947,0.7818396226415094
1,0.8051470588235294,0.7953144266337855,0.7975757575757576,0.7924297924297924,0.779601406799531
2,0.7805755395683454,0.7853470437017995,0.7846153846153846,0.7914183551847438,0.812200956937799
3,0.8018867924528302,0.8002436053593179,0.8114856429463171,0.781136638452237,0.8080194410692588
4,0.7695961995249406,0.815006468305304,0.7997448979591837,0.8118686868686869,0.7738693467336684
