,AUC1,AUC2,AUC3,AUC4,AUC5
0,0.7894131185270425,0.7912844036697247,0.7889273356401384,0.7680995475113123,0.7885085574572127
1,0.7758007117437722,0.772196261682243,0.7705677867902665,0.7673031026252983,0.7707865168539326
2,0.7744186046511627,0.7874396135265701,0.7881656804733728,0.7883720930232558,0.7899761336515513
3,0.7749419953596288,0.7731958762886598,0.7809965237543454,0.7828162291169452,0.7846153846153846
4,0.7827586206896552,0.7533185840707964,0.8102815177478581,0.7961165048543689,0.7903225806451613
