,sensitivity1,sensitivity2,sensitivity3,sensitivity4,sensitivity5
0,0.7924080664294187,0.7826589595375723,0.8022113022113022,0.7732300884955752,0.7694954128440367
1,0.7822485207100591,0.8030842230130486,0.7850678733031674,0.8183006535947712,0.7806912991656734
2,0.7966101694915254,0.790167865707434,0.8004807692307693,0.7903614457831325,0.7877697841726619
3,0.8236009732360098,0.815403422982885,0.78,0.8141809290953546,0.8331242158092849
4,0.7867298578199052,0.7670126874279123,0.7939024390243903,0.7934508816120907,0.7894088669950738
