,auc1,auc2,auc3,auc4,auc5
0,0.8703078363998489,0.8630209832032815,0.8635739151531566,0.8592054706410062,0.8611449640876341
1,0.8622027525589203,0.8522238446941641,0.8555012380166338,0.8404221248739058,0.8493005735085604
2,0.8508015770578983,0.8464964064803255,0.8556399568354457,0.8571309677464859,0.8688926034856084
3,0.8714378635858899,0.85771489927886,0.8640275192983596,0.8510072113994008,0.8602433335826025
4,0.849060516292848,0.8718126675130484,0.8583615460572718,0.8760967696431091,0.8425010579771477
