,time1,time2,time3,time4,time5
0,0.30396103096008303,0.30217268562316896,0.3052801399230957,0.3044108333587646,0.30433599472045897
1,0.3044210205078125,0.30359150314331057,0.303627986907959,0.30543261337280275,0.30456818008422853
2,0.3047128849029541,0.30483616065979,0.30464342308044434,0.30464653015136717,0.30488529777526857
3,0.3058087501525879,0.3060603256225586,0.30573353385925295,0.3032457389831543,0.3035126705169678
4,0.30310051536560056,0.3059242744445801,0.30556484603881834,0.30521488761901855,0.30527668190002444
