,specificity1,specificity2,specificity3,specificity4,specificity5
0,0.8355437665782494,0.7808219178082192,0.7801339285714286,0.7665929203539823,0.8149068322981367
1,0.7679180887372014,0.7587006960556845,0.7844827586206896,0.7750582750582751,0.7556053811659192
2,0.7913669064748201,0.7720504009163803,0.7865030674846626,0.7971938775510204,0.7816091954022989
3,0.7829736211031175,0.7907253269916765,0.7837209302325582,0.775842044134727,0.8007380073800738
4,0.7968176254589964,0.8088235294117647,0.7952941176470588,0.7756482525366404,0.7516198704103672
