,specificity1,specificity2,specificity3,specificity4,specificity5
0,0.797859690844233,0.8034188034188035,0.7873563218390804,0.8217948717948718,0.7943349753694581
1,0.768772348033373,0.7883472057074911,0.79875,0.750816104461371,0.7633136094674556
2,0.7773892773892774,0.7764705882352941,0.7852112676056338,0.7740046838407494,0.7741176470588236
3,0.7911832946635731,0.7806004618937644,0.8022959183673469,0.7794457274826789,0.7824126268320181
4,0.7976190476190477,0.7931456548347613,0.7881944444444444,0.7707865168539326,0.7786697247706422
