,sensitivity1,sensitivity2,sensitivity3,sensitivity4,sensitivity5
0,0.8321596244131455,0.8391777509068924,0.8279952550415184,0.829683698296837,0.8368883312421581
1,0.8189349112426035,0.8040313549832027,0.823321554770318,0.8560885608856088,0.84192037470726
2,0.8195754716981132,0.8253588516746412,0.8274647887323944,0.8127906976744186,0.8298906439854192
3,0.8413631022326674,0.8387096774193549,0.8352402745995423,0.827033218785796,0.8412698412698413
4,0.8233861144945189,0.8474114441416893,0.8195679796696315,0.828009828009828,0.8325183374083129
