,specificity1,specificity2,specificity3,specificity4,specificity5
0,0.8449519230769231,0.8319719953325554,0.8335315101070154,0.8190255220417634,0.8072153325817362
1,0.8057210965435042,0.8268015170670038,0.8131736526946107,0.817451205510907,0.8361445783132531
2,0.8157894736842105,0.8125,0.8269230769230769,0.8179611650485437,0.8072009291521487
3,0.8307322929171669,0.8419117647058824,0.8432098765432099,0.8335388409371147,0.8057803468208092
4,0.816917728852839,0.7768421052631579,0.7892976588628763,0.8160919540229885,0.8233256351039261
