,auc1,auc2,auc3,auc4,auc5
0,0.8807641745233783,0.8626175685663828,0.858003689974441,0.8669112544220451,0.8713318889396683
1,0.8614183226461812,0.8544233523092009,0.8637814883005664,0.8478572789029267,0.8642484780507763
2,0.8678628608507366,0.8645507571429579,0.8541165019783754,0.8538752882926727,0.8587559862606942
3,0.8672007607878218,0.8701708245207332,0.8744347354950128,0.8709482616308684,0.8780947570262114
4,0.8596078431372549,0.8635801946677951,0.8635914797573706,0.8649795457751447,0.8473832698547044
