,auc1,auc2,auc3,auc4,auc5
0,0.9103121808651692,0.9134012649728893,0.9102867911327769,0.9012099618025581,0.8991096667174463
1,0.8938254361275121,0.8955777058246743,0.8930325411437721,0.9154409949280116,0.9043461085363186
2,0.8972570759540988,0.8923806098051248,0.9034990090490398,0.8929660114400174,0.898587277741337
3,0.908341434576057,0.9088620775772182,0.9085192151130388,0.9075527098127802,0.9021501568278307
4,0.8975666525603048,0.8927267597686557,0.8919438566793623,0.8893948370715192,0.9029764423755114
