,AUC1,AUC2,AUC3,AUC4,AUC5
0,0.803680981595092,0.8078817733990148,0.8017135862913096,0.79125,0.7678983833718245
1,0.7919143876337693,0.7971014492753623,0.8002436053593179,0.7801418439716312,0.8198992443324937
2,0.7949029126213593,0.7862149532710281,0.798569725864124,0.8094660194174758,0.7955082742316785
3,0.8065693430656934,0.812577065351418,0.8136419001218027,0.7978723404255319,0.8045292014302742
4,0.7923832923832924,0.7833333333333333,0.7831603229527105,0.7744186046511627,0.7990196078431373
