,time1,time2,time3,time4,time5
0,0.30117059516906736,0.2989312496185303,0.30180070304870604,0.29954353904724124,0.30035498046875
1,0.29925205421447754,0.29904181289672854,0.3004856128692627,0.30007807159423827,0.30097533798217774
2,0.2993711814880371,0.30123592948913575,0.29806951522827146,0.301882453918457,0.3003932647705078
3,0.3027866439819336,0.29919372940063477,0.29880728912353516,0.29931652450561524,0.2994478092193604
4,0.3000138282775879,0.3020896167755127,0.30274018287658694,0.3025938873291016,0.3016722412109375
