,AUC1,AUC2,AUC3
0,0.722224866717441,0.7164889565879665,0.6814626174155877
