,AUC1,AUC2,AUC3,AUC4,AUC5,AUC6,AUC7,AUC8,AUC9,AUC10,AUC11,AUC12,AUC13,AUC14,AUC15,AUC16,AUC17,AUC18,AUC19,AUC20
0,0.6936325844122873,0.7298727468900736,0.7220503300330033,0.7125777481594313,0.7269056232546333,0.7510948210205636,0.7328398705255141,0.7272626301091648,0.7233117542523482,0.7454065118050267,0.7487703097232801,0.7337204874333587,0.7172188372683422,0.7315387788778878,0.7152037319116527,0.7351326478801725,0.7210665778116273,0.7412810992637725,0.7152195988829653,0.7423917872556487
