,AUC1,AUC2,AUC3
0,0.70115352881442,0.725763201320132,0.7359656638740797
