,AUC1,AUC2,AUC3
0,0.7322924600152323,0.7020738131505457,0.727881441990353
