,AUC1,AUC2,AUC3,AUC4,AUC5,AUC6,AUC7,AUC8,AUC9,AUC10,AUC11,AUC12,AUC13,AUC14,AUC15,AUC16,AUC17,AUC18,AUC19,AUC20
0,0.7109117161716172,0.6893247017009393,0.7228198781416603,0.7132600279258695,0.7190276719979691,0.7126650165016502,0.7181153211474993,0.7146563214013709,0.7271039603960396,0.7112369890835238,0.7039619827367353,0.717401307438436,0.7273419649657273,0.7036129093678599,0.7118240670220869,0.7096899593805533,0.726992891596852,0.7128474866717441,0.7136963696369636,0.7281273800456969
