,specificity1,specificity2,specificity3,specificity4,specificity5
0,0.7226606538895152,0.7203107658157603,0.7342657342657343,0.7286821705426356,0.7147335423197492
1,0.7350427350427351,0.6976264189886481,0.7177322074788902,0.7282352941176471,0.7070815450643777
2,0.7185821697099892,0.7126696832579186,0.7416762342135477,0.7292418772563177,0.7446808510638298
3,0.7309048178613397,0.727069351230425,0.7251131221719457,0.7321016166281755,0.7208008898776418
4,0.7263736263736263,0.723175965665236,0.7172949002217295,0.7402597402597403,0.7241003271537623
