,time1,time2,time3,time4,time5
0,0.22513803863525392,0.21774212646484375,0.21696285247802735,0.21756894493103027,0.21874979972839356
1,0.21749451637268066,0.21530523109436034,0.2152702751159668,0.2148940010070801,0.21895664978027343
2,0.21750145530700685,0.21781064224243163,0.2159876365661621,0.2176000633239746,0.21721721267700195
3,0.21646410179138184,0.21630360412597657,0.21656217002868652,0.21671447563171387,0.21810032081604003
4,0.2171995677947998,0.2167407913208008,0.21663053131103516,0.21554099655151368,0.21768514442443848
