,time1,time2,time3,time4,time5
0,0.1282877254486084,0.12073961448669433,0.1199131202697754,0.1254895763397217,0.12573334884643556
1,0.1211712875366211,0.12382233810424804,0.11967426490783692,0.1206427001953125,0.11950211143493653
2,0.1217314338684082,0.12007120895385742,0.11862378692626953,0.1193591651916504,0.11968931007385254
3,0.12058808135986328,0.12031610298156738,0.11935754585266113,0.11912822723388672,0.11938790321350097
4,0.12124071884155273,0.12064376640319824,0.12017142295837402,0.11974821281433105,0.11973275947570801
