,specificity1,specificity2,specificity3,specificity4,specificity5
0,0.864963503649635,0.8555825242718447,0.8806888068880688,0.8697225572979493,0.852975495915986
1,0.8403755868544601,0.871571072319202,0.8647642679900744,0.8424170616113744,0.8688524590163934
2,0.8603773584905661,0.8793969849246231,0.855595667870036,0.8376470588235294,0.8643649815043156
3,0.8329466357308585,0.8552631578947368,0.8649681528662421,0.8516746411483254,0.8404761904761905
4,0.8480096501809409,0.87409200968523,0.8579881656804734,0.8437132784958872,0.8719806763285024
